PrecinctKey,color
Apache 0029,#66f
Apache 0017,#66f
Apache 0008,#66f
Apache 0042,#66f
Apache 0002,#66f
Apache 0004,#f66
Apache 0027,#66f
Apache 0018,#66f
Apache 0003,#66f
Apache 0014,#f66
Apache 0038,#66f
Apache 0005,#66f
Apache 0030,#66f
Apache 0039,#66f
Apache 0043,#66f
Apache 0021,#66f
Apache 0013,#66f
Apache 0001,#f66
Apache 0015,#66f
Apache 0040,#66f
Apache 0028,#66f
Apache 0026,#66f
Apache 0024,#f66
Apache 0006,#66f
Apache 0009,#f66
Apache 0031,#66f
Apache 0041,#f66
Apache 0033,#f66
Apache 0010,#f66
Apache 0020,#66f
Apache 0044,#66f
Apache 0016,#66f
Apache 0022,#66f
Apache 0012,#66f
Apache 0019,#66f
Apache 0023,#66f
Apache 0007,#f66
Apache 0037,#66f
Apache 0036,#f66
Apache 0034,#66f
Apache 0032,#f66
Apache 0025,#66f
Apache 0035,#66f
Apache 0011,#66f
Cochise 0029,#faa
Cochise 0017,#f66
Cochise 0008,#f66
Cochise 0042,#faa
Cochise 0002,#f66
Cochise 0004,#66f
Cochise 0027,#faa
Cochise 0018,#66f
Cochise 0003,#faa
Cochise 0014,#f66
Cochise 0038,#faa
Cochise 0005,#aaf
Cochise 0030,#faa
Cochise 0039,#faa
Cochise 0048,#f66
Cochise 0043,#f66
Cochise 0021,#f66
Cochise 0013,#66f
Cochise 0001,#f66
Cochise 0015,#f66
Cochise 0040,#f66
Cochise 0028,#faa
Cochise 0046,#f66
Cochise 0026,#faa
Cochise 0024,#f66
Cochise 0006,#aaf
Cochise 0045,#f66
Cochise 0049,#f66
Cochise 0009,#66f
Cochise 0031,#faa
Cochise 0041,#f66
Cochise 0033,#faa
Cochise 0010,#66f
Cochise 0047,#f66
Cochise 0020,#66f
Cochise 0044,#f66
Cochise 0016,#faa
Cochise 0022,#faa
Cochise 0012,#66f
Cochise 0019,#f66
Cochise 0023,#f66
Cochise 0007,#faa
Cochise 0037,#f66
Cochise 0036,#faa
Cochise 0034,#faa
Cochise 0032,#f66
Cochise 0025,#f66
Cochise 0035,#f66
Cochise 0011,#66f
Coconino 0075,#faa
Coconino 0017,#aaf
Coconino 0074,#faa
Coconino 0063,#f66
Coconino 0071,#66f
Coconino 0067,#66f
Coconino 0090,#66f
Coconino 0098,#f66
Coconino 0008,#66f
Coconino 0066,#f66
Coconino 0052,#faa
Coconino 0042,#66f
Coconino 0053,#f66
Coconino 0088,#66f
Coconino 0002,#66f
Coconino 0004,#66f
Coconino 0064,#f66
Coconino 0093,#66f
Coconino 0040,#faa
Coconino 0062,#aaf
Coconino 0069,#66f
Coconino 0065,#66f
Coconino 0003,#66f
Coconino 0014,#66f
Coconino 0080,#f66
Coconino 0005,#aaf
Coconino 0013,#66f
Coconino 0018,#aaf
Coconino 0048,#66f
Coconino 0051,#faa
Coconino 0079,#f66
Coconino 0021,#aaf
Coconino 0043,#66f
Coconino 0050,#faa
Coconino 0082,#aaf
Coconino 0001,#66f
Coconino 0055,#aaf
Coconino 0015,#66f
Coconino 0083,#aaf
Coconino 0058,#f66
Coconino 0026,#aaf
Coconino 0099,#faa
Coconino 0024,#aaf
Coconino 0006,#aaf
Coconino 0061,#66f
Coconino 0073,#f66
Coconino 0086,#faa
Coconino 0070,#66f
Coconino 0060,#66f
Coconino 0009,#66f
Coconino 0041,#f66
Coconino 0085,#faa
Coconino 0010,#66f
Coconino 0047,#66f
Coconino 0095,#66f
Coconino 0097,#faa
Coconino 0094,#66f
Coconino 0020,#66f
Coconino 0025,#aaf
Coconino 0016,#aaf
Coconino 0022,#aaf
Coconino 0012,#66f
Coconino 0084,#faa
Coconino 0019,#aaf
Coconino 0023,#66f
Coconino 0007,#aaf
Coconino 0092,#faa
Coconino 0059,#66f
Coconino 0056,#aaf
Coconino 0072,#faa
Coconino 0011,#66f
Gila 0105,#faa
Gila 0140,#faa
Gila 0300,#66f
Gila 0125,#faa
Gila 0340,#f66
Gila 0410,#66f
Gila 0180,#faa
Gila 0185,#faa
Gila 0165,#faa
Gila 0175,#f66
Gila 0200,#f66
Gila 0335,#f66
Gila 0110,#ddd
Gila 0160,#f66
Gila 0240,#f66
Gila 0345,#f66
Gila 0210,#f66
Gila 0100,#faa
Gila 0225,#f66
Gila 0220,#f66
Gila 0305,#f66
Gila 0400,#66f
Gila 0230,#f66
Gila 0405,#66f
Gila 0235,#f66
Gila 0120,#faa
Gila 0310,#f66
Gila 0135,#f66
Gila 0150,#faa
Gila 0315,#f66
Gila 0155,#aaf
Gila 0215,#f66
Gila 0170,#faa
Gila 0130,#faa
Gila 0325,#f66
Gila 0205,#f66
Gila 0330,#f66
Gila 0320,#f66
Gila 0115,#faa
Graham 0015,#faa
Graham 0022,#faa
Graham 0008,#f66
Graham 0006,#f66
Graham 0017,#f66
Graham 0009,#f66
Graham 0002,#faa
Graham 0004,#faa
Graham 0013,#f66
Graham 0010,#f66
Graham 0018,#f66
Graham 0020,#f66
Graham 0003,#f66
Graham 0014,#f66
Graham 0016,#66f
Graham 0005,#f66
Graham 0012,#faa
Graham 0019,#f66
Graham 0007,#f66
Graham 0021,#f66
Graham 0011,#66f
Graham 0001,#f66
Greenlee 0006,#f66
Greenlee 0007,#f66
Greenlee 0003,#aaf
Greenlee 0002,#f66
Greenlee 0004,#faa
Greenlee 0005,#f66
Greenlee 0008,#f66
Greenlee 0001,#f66
La Paz 0058,#f66
La Paz 0055,#f66
La Paz 0052,#66f
La Paz 0051,#faa
La Paz 0062,#f66
La Paz 0059,#f66
La Paz 0057,#f66
La Paz 0060,#f66
La Paz 0056,#f66
La Paz 0054,#f66
La Paz 0064,#f66
Maricopa 0111,#faa
Maricopa 0074,#66f
Maricopa 0370,#aaf
Maricopa 0541,#66f
Maricopa 0675,#aaf
Maricopa 0200,#aaf
Maricopa 0106,#faa
Maricopa 0444,#faa
Maricopa 0206,#faa
Maricopa 0191,#aaf
Maricopa 0693,#faa
Maricopa 0317,#66f
Maricopa 0259,#f66
Maricopa 0069,#faa
Maricopa 0216,#66f
Maricopa 0595,#aaf
Maricopa 0668,#aaf
Maricopa 0703,#faa
Maricopa 0030,#faa
Maricopa 0018,#faa
Maricopa 0285,#faa
Maricopa 0377,#aaf
Maricopa 0166,#faa
Maricopa 0589,#faa
Maricopa 0616,#faa
Maricopa 0386,#aaf
Maricopa 0518,#faa
Maricopa 0015,#aaf
Maricopa 0308,#faa
Maricopa 0350,#66f
Maricopa 0307,#faa
Maricopa 0682,#aaf
Maricopa 0415,#aaf
Maricopa 0049,#aaf
Maricopa 0060,#faa
Maricopa 0562,#f66
Maricopa 0691,#f66
Maricopa 0364,#faa
Maricopa 0333,#faa
Maricopa 0148,#faa
Maricopa 0239,#aaf
Maricopa 0227,#faa
Maricopa 0690,#faa
Maricopa 0284,#aaf
Maricopa 0453,#faa
Maricopa 0318,#faa
Maricopa 0222,#faa
Maricopa 0448,#aaf
Maricopa 0218,#66f
Maricopa 0697,#66f
Maricopa 0067,#66f
Maricopa 0329,#aaf
Maricopa 0277,#f66
Maricopa 0306,#66f
Maricopa 0174,#faa
Maricopa 0002,#faa
Maricopa 0482,#aaf
Maricopa 0359,#faa
Maricopa 0664,#aaf
Maricopa 0629,#aaf
Maricopa 0262,#faa
Maricopa 0014,#f66
Maricopa 0312,#66f
Maricopa 0150,#f66
Maricopa 0381,#66f
Maricopa 0156,#faa
Maricopa 0717,#f66
Maricopa 0071,#faa
Maricopa 0405,#faa
Maricopa 0338,#faa
Maricopa 0182,#faa
Maricopa 0534,#aaf
Maricopa 0046,#66f
Maricopa 0158,#faa
Maricopa 0258,#faa
Maricopa 0636,#faa
Maricopa 0162,#66f
Maricopa 0400,#faa
Maricopa 0198,#faa
Maricopa 0231,#66f
Maricopa 0225,#faa
Maricopa 0220,#faa
Maricopa 0508,#f66
Maricopa 0609,#66f
Maricopa 0561,#66f
Maricopa 0528,#aaf
Maricopa 0017,#faa
Maricopa 0253,#aaf
Maricopa 0294,#faa
Maricopa 0190,#faa
Maricopa 0614,#faa
Maricopa 0032,#faa
Maricopa 0044,#aaf
Maricopa 0342,#faa
Maricopa 0486,#aaf
Maricopa 0161,#faa
Maricopa 0076,#faa
Maricopa 0634,#66f
Maricopa 0410,#aaf
Maricopa 0721,#faa
Maricopa 0512,#faa
Maricopa 0650,#f66
Maricopa 0540,#faa
Maricopa 0348,#faa
Maricopa 0529,#faa
Maricopa 0160,#faa
Maricopa 0226,#f66
Maricopa 0398,#aaf
Maricopa 0053,#faa
Maricopa 0368,#f66
Maricopa 0569,#faa
Maricopa 0698,#faa
Maricopa 0570,#faa
Maricopa 0041,#faa
Maricopa 0626,#66f
Maricopa 0108,#faa
Maricopa 0383,#aaf
Maricopa 0513,#66f
Maricopa 0373,#faa
Maricopa 0493,#faa
Maricopa 0034,#faa
Maricopa 0196,#aaf
Maricopa 0460,#aaf
Maricopa 0197,#faa
Maricopa 0293,#faa
Maricopa 0107,#aaf
Maricopa 0080,#faa
Maricopa 0470,#faa
Maricopa 0245,#f66
Maricopa 0483,#66f
Maricopa 0407,#faa
Maricopa 0463,#aaf
Maricopa 0140,#faa
Maricopa 0685,#aaf
Maricopa 0635,#faa
Maricopa 0353,#66f
Maricopa 0209,#66f
Maricopa 0667,#faa
Maricopa 0297,#66f
Maricopa 0510,#66f
Maricopa 0247,#aaf
Maricopa 0584,#faa
Maricopa 0068,#aaf
Maricopa 0427,#f66
Maricopa 0598,#aaf
Maricopa 0464,#faa
Maricopa 0412,#faa
Maricopa 0704,#f66
Maricopa 0215,#faa
Maricopa 0503,#faa
Maricopa 0324,#faa
Maricopa 0679,#faa
Maricopa 0145,#faa
Maricopa 0300,#66f
Maricopa 0125,#aaf
Maricopa 0716,#f66
Maricopa 0058,#faa
Maricopa 0185,#66f
Maricopa 0390,#aaf
Maricopa 0511,#faa
Maricopa 0328,#faa
Maricopa 0319,#faa
Maricopa 0649,#faa
Maricopa 0013,#faa
Maricopa 0627,#aaf
Maricopa 0651,#faa
Maricopa 0531,#aaf
Maricopa 0559,#f66
Maricopa 0465,#faa
Maricopa 0151,#aaf
Maricopa 0119,#aaf
Maricopa 0647,#66f
Maricopa 0211,#aaf
Maricopa 0582,#faa
Maricopa 0652,#66f
Maricopa 0290,#66f
Maricopa 0267,#66f
Maricopa 0442,#aaf
Maricopa 0288,#66f
Maricopa 0212,#aaf
Maricopa 0098,#66f
Maricopa 0579,#faa
Maricopa 0330,#faa
Maricopa 0662,#faa
Maricopa 0311,#aaf
Maricopa 0719,#aaf
Maricopa 0659,#faa
Maricopa 0092,#faa
Maricopa 0547,#aaf
Maricopa 0618,#faa
Maricopa 0371,#aaf
Maricopa 0356,#66f
Maricopa 0507,#faa
Maricopa 0429,#f66
Maricopa 0608,#faa
Maricopa 0207,#faa
Maricopa 0278,#aaf
Maricopa 0443,#faa
Maricopa 0357,#faa
Maricopa 0331,#aaf
Maricopa 0077,#f66
Maricopa 0560,#faa
Maricopa 0501,#faa
Maricopa 0132,#66f
Maricopa 0021,#f66
Maricopa 0521,#faa
Maricopa 0033,#aaf
Maricopa 0073,#faa
Maricopa 0516,#aaf
Maricopa 0131,#aaf
Maricopa 0299,#66f
Maricopa 0327,#aaf
Maricopa 0019,#faa
Maricopa 0109,#faa
Maricopa 0270,#faa
Maricopa 0025,#f66
Maricopa 0075,#aaf
Maricopa 0722,#aaf
Maricopa 0401,#aaf
Maricopa 0238,#faa
Maricopa 0365,#aaf
Maricopa 0419,#faa
Maricopa 0696,#66f
Maricopa 0515,#aaf
Maricopa 0263,#faa
Maricopa 0546,#f66
Maricopa 0286,#66f
Maricopa 0673,#faa
Maricopa 0153,#faa
Maricopa 0391,#aaf
Maricopa 0094,#faa
Maricopa 0431,#aaf
Maricopa 0087,#faa
Maricopa 0411,#faa
Maricopa 0379,#aaf
Maricopa 0417,#f66
Maricopa 0676,#faa
Maricopa 0283,#faa
Maricopa 0124,#faa
Maricopa 0548,#faa
Maricopa 0128,#faa
Maricopa 0472,#66f
Maricopa 0692,#faa
Maricopa 0335,#faa
Maricopa 0303,#66f
Maricopa 0477,#aaf
Maricopa 0349,#faa
Maricopa 0316,#f66
Maricopa 0360,#faa
Maricopa 0097,#66f
Maricopa 0310,#faa
Maricopa 0361,#faa
Maricopa 0054,#faa
Maricopa 0593,#66f
Maricopa 0479,#f66
Maricopa 0586,#66f
Maricopa 0208,#aaf
Maricopa 0337,#aaf
Maricopa 0122,#66f
Maricopa 0451,#faa
Maricopa 0029,#faa
Maricopa 0606,#aaf
Maricopa 0408,#faa
Maricopa 0394,#faa
Maricopa 0552,#aaf
Maricopa 0179,#f66
Maricopa 0163,#66f
Maricopa 0344,#faa
Maricopa 0495,#faa
Maricopa 0385,#faa
Maricopa 0003,#66f
Maricopa 0487,#66f
Maricopa 0189,#66f
Maricopa 0423,#66f
Maricopa 0418,#faa
Maricopa 0079,#f66
Maricopa 0001,#faa
Maricopa 0604,#f66
Maricopa 0339,#aaf
Maricopa 0509,#faa
Maricopa 0498,#faa
Maricopa 0354,#f66
Maricopa 0347,#faa
Maricopa 0576,#faa
Maricopa 0194,#aaf
Maricopa 0112,#aaf
Maricopa 0101,#faa
Maricopa 0047,#aaf
Maricopa 0428,#faa
Maricopa 0005,#faa
Maricopa 0362,#faa
Maricopa 0186,#aaf
Maricopa 0601,#aaf
Maricopa 0686,#f66
Maricopa 0519,#faa
Maricopa 0251,#faa
Maricopa 0252,#aaf
Maricopa 0555,#aaf
Maricopa 0396,#66f
Maricopa 0654,#66f
Maricopa 0268,#faa
Maricopa 0113,#faa
Maricopa 0055,#faa
Maricopa 0633,#faa
Maricopa 0355,#faa
Maricopa 0241,#66f
Maricopa 0004,#faa
Maricopa 0375,#faa
Maricopa 0623,#faa
Maricopa 0219,#aaf
Maricopa 0118,#faa
Maricopa 0587,#aaf
Maricopa 0279,#faa
Maricopa 0596,#f66
Maricopa 0699,#faa
Maricopa 0223,#faa
Maricopa 0434,#f66
Maricopa 0695,#faa
Maricopa 0656,#66f
Maricopa 0617,#faa
Maricopa 0539,#aaf
Maricopa 0694,#aaf
Maricopa 0425,#f66
Maricopa 0484,#66f
Maricopa 0028,#f66
Maricopa 0612,#faa
Maricopa 0129,#faa
Maricopa 0532,#aaf
Maricopa 0110,#faa
Maricopa 0024,#faa
Maricopa 0554,#f66
Maricopa 0304,#66f
Maricopa 0639,#faa
Maricopa 0023,#faa
Maricopa 0007,#aaf
Maricopa 0387,#aaf
Maricopa 0104,#faa
Maricopa 0332,#aaf
Maricopa 0591,#66f
Maricopa 0414,#aaf
Maricopa 0550,#aaf
Maricopa 0489,#aaf
Maricopa 0551,#faa
Maricopa 0592,#66f
Maricopa 0374,#66f
Maricopa 0201,#66f
Maricopa 0180,#faa
Maricopa 0372,#f66
Maricopa 0665,#f66
Maricopa 0714,#66f
Maricopa 0117,#66f
Maricopa 0096,#aaf
Maricopa 0343,#f66
Maricopa 0420,#faa
Maricopa 0462,#66f
Maricopa 0713,#faa
Maricopa 0492,#faa
Maricopa 0164,#faa
Maricopa 0709,#aaf
Maricopa 0130,#66f
Maricopa 0378,#66f
Maricopa 0325,#faa
Maricopa 0040,#aaf
Maricopa 0082,#66f
Maricopa 0165,#f66
Maricopa 0625,#f66
Maricopa 0485,#faa
Maricopa 0345,#aaf
Maricopa 0506,#faa
Maricopa 0176,#f66
Maricopa 0314,#faa
Maricopa 0313,#aaf
Maricopa 0708,#faa
Maricopa 0678,#faa
Maricopa 0236,#f66
Maricopa 0187,#aaf
Maricopa 0567,#aaf
Maricopa 0315,#aaf
Maricopa 0590,#66f
Maricopa 0638,#f66
Maricopa 0711,#faa
Maricopa 0224,#faa
Maricopa 0705,#faa
Maricopa 0169,#aaf
Maricopa 0089,#aaf
Maricopa 0663,#66f
Maricopa 0440,#aaf
Maricopa 0084,#faa
Maricopa 0282,#faa
Maricopa 0088,#faa
Maricopa 0436,#faa
Maricopa 0542,#f66
Maricopa 0078,#aaf
Maricopa 0458,#faa
Maricopa 0447,#faa
Maricopa 0602,#aaf
Maricopa 0527,#66f
Maricopa 0063,#faa
Maricopa 0043,#faa
Maricopa 0139,#aaf
Maricopa 0083,#aaf
Maricopa 0575,#faa
Maricopa 0426,#faa
Maricopa 0121,#faa
Maricopa 0476,#66f
Maricopa 0563,#faa
Maricopa 0658,#66f
Maricopa 0680,#faa
Maricopa 0437,#faa
Maricopa 0674,#66f
Maricopa 0020,#faa
Maricopa 0432,#faa
Maricopa 0229,#aaf
Maricopa 0281,#66f
Maricopa 0715,#aaf
Maricopa 0538,#aaf
Maricopa 0352,#66f
Maricopa 0035,#66f
Maricopa 0672,#aaf
Maricopa 0677,#f66
Maricopa 0195,#faa
Maricopa 0474,#faa
Maricopa 0146,#f66
Maricopa 0240,#66f
Maricopa 0571,#66f
Maricopa 0504,#aaf
Maricopa 0100,#66f
Maricopa 0036,#faa
Maricopa 0178,#aaf
Maricopa 0392,#66f
Maricopa 0301,#aaf
Maricopa 0433,#faa
Maricopa 0065,#faa
Maricopa 0660,#66f
Maricopa 0500,#aaf
Maricopa 0611,#aaf
Maricopa 0155,#aaf
Maricopa 0272,#faa
Maricopa 0321,#faa
Maricopa 0505,#aaf
Maricopa 0490,#faa
Maricopa 0203,#f66
Maricopa 0564,#faa
Maricopa 0050,#faa
Maricopa 0336,#faa
Maricopa 0467,#aaf
Maricopa 0367,#66f
Maricopa 0103,#aaf
Maricopa 0173,#faa
Maricopa 0099,#faa
Maricopa 0322,#aaf
Maricopa 0172,#aaf
Maricopa 0242,#66f
Maricopa 0031,#faa
Maricopa 0366,#faa
Maricopa 0543,#faa
Maricopa 0613,#66f
Maricopa 0718,#faa
Maricopa 0687,#66f
Maricopa 0573,#faa
Maricopa 0256,#faa
Maricopa 0064,#faa
Maricopa 0557,#aaf
Maricopa 0369,#faa
Maricopa 0205,#faa
Maricopa 0232,#faa
Maricopa 0346,#aaf
Maricopa 0644,#aaf
Maricopa 0056,#f66
Maricopa 0397,#66f
Maricopa 0137,#faa
Maricopa 0022,#faa
Maricopa 0008,#aaf
Maricopa 0244,#faa
Maricopa 0599,#66f
Maricopa 0243,#faa
Maricopa 0184,#faa
Maricopa 0688,#aaf
Maricopa 0478,#66f
Maricopa 0062,#aaf
Maricopa 0264,#f66
Maricopa 0413,#66f
Maricopa 0480,#66f
Maricopa 0057,#66f
Maricopa 0707,#faa
Maricopa 0497,#f66
Maricopa 0048,#f66
Maricopa 0170,#aaf
Maricopa 0404,#aaf
Maricopa 0351,#faa
Maricopa 0298,#aaf
Maricopa 0081,#f66
Maricopa 0296,#faa
Maricopa 0457,#aaf
Maricopa 0341,#aaf
Maricopa 0456,#faa
Maricopa 0183,#faa
Maricopa 0027,#66f
Maricopa 0006,#f66
Maricopa 0475,#faa
Maricopa 0536,#faa
Maricopa 0009,#aaf
Maricopa 0152,#faa
Maricopa 0670,#aaf
Maricopa 0481,#aaf
Maricopa 0091,#66f
Maricopa 0640,#f66
Maricopa 0292,#faa
Maricopa 0648,#f66
Maricopa 0070,#66f
Maricopa 0157,#66f
Maricopa 0533,#66f
Maricopa 0086,#aaf
Maricopa 0468,#66f
Maricopa 0221,#aaf
Maricopa 0524,#66f
Maricopa 0700,#faa
Maricopa 0202,#faa
Maricopa 0234,#aaf
Maricopa 0326,#f66
Maricopa 0388,#faa
Maricopa 0421,#66f
Maricopa 0042,#faa
Maricopa 0632,#aaf
Maricopa 0502,#faa
Maricopa 0597,#66f
Maricopa 0213,#faa
Maricopa 0358,#faa
Maricopa 0276,#f66
Maricopa 0289,#f66
Maricopa 0671,#aaf
Maricopa 0653,#faa
Maricopa 0488,#faa
Maricopa 0631,#faa
Maricopa 0038,#66f
Maricopa 0181,#66f
Maricopa 0126,#f66
Maricopa 0334,#faa
Maricopa 0424,#66f
Maricopa 0395,#f66
Maricopa 0683,#faa
Maricopa 0641,#faa
Maricopa 0441,#faa
Maricopa 0123,#faa
Maricopa 0600,#faa
Maricopa 0710,#aaf
Maricopa 0136,#aaf
Maricopa 0010,#aaf
Maricopa 0141,#faa
Maricopa 0520,#faa
Maricopa 0661,#faa
Maricopa 0610,#66f
Maricopa 0120,#66f
Maricopa 0435,#aaf
Maricopa 0135,#aaf
Maricopa 0720,#66f
Maricopa 0380,#66f
Maricopa 0681,#faa
Maricopa 0188,#faa
Maricopa 0549,#66f
Maricopa 0102,#aaf
Maricopa 0257,#faa
Maricopa 0072,#aaf
Maricopa 0115,#aaf
Maricopa 0517,#aaf
Maricopa 0530,#66f
Maricopa 0556,#aaf
Maricopa 0499,#faa
Maricopa 0455,#aaf
Maricopa 0246,#aaf
Maricopa 0095,#66f
Maricopa 0666,#aaf
Maricopa 0376,#66f
Maricopa 0273,#66f
Maricopa 0159,#faa
Maricopa 0568,#66f
Maricopa 0275,#aaf
Maricopa 0605,#faa
Maricopa 0459,#faa
Maricopa 0309,#faa
Maricopa 0037,#aaf
Maricopa 0646,#faa
Maricopa 0449,#aaf
Maricopa 0454,#aaf
Maricopa 0471,#faa
Maricopa 0305,#66f
Maricopa 0525,#f66
Maricopa 0706,#faa
Maricopa 0585,#faa
Maricopa 0393,#aaf
Maricopa 0026,#aaf
Maricopa 0491,#f66
Maricopa 0249,#faa
Maricopa 0340,#66f
Maricopa 0116,#faa
Maricopa 0723,#aaf
Maricopa 0523,#faa
Maricopa 0514,#faa
Maricopa 0016,#faa
Maricopa 0199,#aaf
Maricopa 0566,#aaf
Maricopa 0619,#faa
Maricopa 0630,#faa
Maricopa 0439,#aaf
Maricopa 0466,#faa
Maricopa 0144,#f66
Maricopa 0628,#faa
Maricopa 0250,#faa
Maricopa 0105,#faa
Maricopa 0204,#66f
Maricopa 0607,#faa
Maricopa 0149,#66f
Maricopa 0496,#faa
Maricopa 0580,#faa
Maricopa 0066,#faa
Maricopa 0637,#faa
Maricopa 0535,#66f
Maricopa 0461,#aaf
Maricopa 0269,#faa
Maricopa 0526,#f66
Maricopa 0248,#aaf
Maricopa 0643,#faa
Maricopa 0266,#f66
Maricopa 0143,#faa
Maricopa 0302,#66f
Maricopa 0114,#aaf
Maricopa 0193,#faa
Maricopa 0402,#66f
Maricopa 0416,#66f
Maricopa 0039,#faa
Maricopa 0214,#66f
Maricopa 0192,#faa
Maricopa 0565,#faa
Maricopa 0254,#aaf
Maricopa 0403,#aaf
Maricopa 0702,#aaf
Maricopa 0574,#aaf
Maricopa 0494,#faa
Maricopa 0323,#66f
Maricopa 0430,#aaf
Maricopa 0701,#66f
Maricopa 0228,#faa
Maricopa 0473,#faa
Maricopa 0295,#faa
Maricopa 0588,#faa
Maricopa 0382,#faa
Maricopa 0724,#f66
Maricopa 0583,#66f
Maricopa 0469,#66f
Maricopa 0399,#aaf
Maricopa 0537,#faa
Maricopa 0409,#faa
Maricopa 0452,#aaf
Maricopa 0450,#aaf
Maricopa 0553,#faa
Maricopa 0085,#66f
Maricopa 0230,#faa
Maricopa 0578,#aaf
Maricopa 0012,#faa
Maricopa 0280,#faa
Maricopa 0642,#aaf
Maricopa 0291,#66f
Maricopa 0133,#aaf
Maricopa 0287,#aaf
Maricopa 0622,#faa
Maricopa 0389,#aaf
Maricopa 0255,#f66
Maricopa 0011,#66f
Maricopa 0621,#faa
Maricopa 0237,#faa
Maricopa 0655,#faa
Maricopa 0445,#aaf
Maricopa 0147,#faa
Maricopa 0422,#faa
Maricopa 0138,#f66
Maricopa 0210,#aaf
Maricopa 0712,#faa
Maricopa 0167,#aaf
Maricopa 0127,#faa
Maricopa 0168,#faa
Maricopa 0052,#faa
Maricopa 0615,#faa
Maricopa 0090,#66f
Maricopa 0260,#aaf
Maricopa 0620,#faa
Maricopa 0581,#faa
Maricopa 0544,#faa
Maricopa 0233,#faa
Maricopa 0558,#faa
Maricopa 0669,#aaf
Maricopa 0577,#faa
Maricopa 0051,#faa
Maricopa 0320,#aaf
Maricopa 0134,#aaf
Maricopa 0684,#66f
Maricopa 0274,#aaf
Maricopa 0545,#faa
Maricopa 0261,#66f
Maricopa 0093,#faa
Maricopa 0689,#66f
Maricopa 0217,#faa
Maricopa 0657,#aaf
Maricopa 0594,#aaf
Maricopa 0572,#aaf
Maricopa 0061,#faa
Maricopa 0175,#faa
Maricopa 0384,#faa
Maricopa 0363,#66f
Maricopa 0438,#66f
Maricopa 0265,#faa
Maricopa 0177,#f66
Maricopa 0406,#faa
Maricopa 0624,#faa
Maricopa 0271,#faa
Maricopa 0059,#faa
Maricopa 0235,#faa
Maricopa 0446,#faa
Maricopa 0171,#faa
Maricopa 0603,#faa
Maricopa 0154,#faa
Maricopa 0045,#66f
Maricopa 0522,#faa
Maricopa 0645,#faa
Maricopa 0142,#faa
Mohave 0015,#f66
Mohave 0022,#f66
Mohave 0008,#f66
Mohave 0024,#66f
Mohave 0006,#f66
Mohave 0017,#f66
Mohave 0009,#f66
Mohave 0002,#f66
Mohave 0004,#f66
Mohave 0013,#f66
Mohave 0010,#f66
Mohave 0018,#f66
Mohave 0020,#f66
Mohave 0003,#f66
Mohave 0014,#f66
Mohave 0016,#f66
Mohave 0005,#f66
Mohave 0012,#f66
Mohave 0019,#f66
Mohave 0023,#faa
Mohave 0007,#f66
Mohave 0021,#f66
Mohave 0011,#f66
Mohave 0001,#f66
Navajo 0007,#f66
Navajo 0001,#66f
Navajo 0003,#f66
Navajo 0014,#faa
Navajo 0005,#66f
Navajo 0012,#f66
Navajo 0008,#f66
Navajo 0006,#66f
Navajo 0009,#f66
Navajo 0002,#66f
Navajo 0004,#66f
Navajo 0011,#f66
Navajo 0013,#f66
Navajo 0010,#f66
Pima 0111,#aaf
Pima 0150,#faa
Pima 0074,#faa
Pima 0201,#aaf
Pima 0199,#faa
Pima 0180,#faa
Pima 0105,#aaf
Pima 0176,#faa
Pima 0200,#faa
Pima 0106,#aaf
Pima 0202,#faa
Pima 0117,#aaf
Pima 0042,#66f
Pima 0212,#faa
Pima 0098,#66f
Pima 0234,#aaf
Pima 0206,#faa
Pima 0191,#faa
Pima 0069,#aaf
Pima 0092,#aaf
Pima 0216,#faa
Pima 0164,#66f
Pima 0030,#aaf
Pima 0018,#66f
Pima 0166,#66f
Pima 0130,#faa
Pima 0038,#aaf
Pima 0181,#faa
Pima 0170,#aaf
Pima 0040,#faa
Pima 0082,#66f
Pima 0174,#aaf
Pima 0165,#f66
Pima 0015,#faa
Pima 0207,#aaf
Pima 0077,#faa
Pima 0141,#faa
Pima 0086,#66f
Pima 0060,#faa
Pima 0136,#66f
Pima 0033,#66f
Pima 0010,#faa
Pima 0021,#aaf
Pima 0073,#66f
Pima 0131,#faa
Pima 0120,#aaf
Pima 0236,#66f
Pima 0072,#66f
Pima 0187,#faa
Pima 0148,#aaf
Pima 0140,#faa
Pima 0019,#faa
Pima 0109,#faa
Pima 0163,#aaf
Pima 0044,#66f
Pima 0102,#66f
Pima 0025,#66f
Pima 0135,#66f
Pima 0222,#faa
Pima 0115,#faa
Pima 0169,#faa
Pima 0089,#66f
Pima 0218,#aaf
Pima 0067,#66f
Pima 0238,#aaf
Pima 0246,#66f
Pima 0084,#faa
Pima 0095,#faa
Pima 0227,#faa
Pima 0210,#66f
Pima 0088,#aaf
Pima 0002,#faa
Pima 0078,#66f
Pima 0211,#aaf
Pima 0248,#66f
Pima 0159,#66f
Pima 0235,#66f
Pima 0014,#faa
Pima 0094,#66f
Pima 0096,#66f
Pima 0156,#aaf
Pima 0037,#66f
Pima 0063,#66f
Pima 0087,#66f
Pima 0186,#aaf
Pima 0043,#66f
Pima 0071,#66f
Pima 0124,#aaf
Pima 0139,#aaf
Pima 0083,#faa
Pima 0182,#faa
Pima 0128,#aaf
Pima 0185,#faa
Pima 0121,#aaf
Pima 0046,#faa
Pima 0215,#faa
Pima 0162,#aaf
Pima 0198,#faa
Pima 0240,#faa
Pima 0017,#66f
Pima 0231,#aaf
Pima 0041,#aaf
Pima 0225,#aaf
Pima 0116,#aaf
Pima 0213,#aaf
Pima 0097,#66f
Pima 0020,#66f
Pima 0045,#66f
Pima 0016,#66f
Pima 0022,#66f
Pima 0054,#66f
Pima 0229,#faa
Pima 0167,#66f
Pima 0048,#66f
Pima 0190,#66f
Pima 0208,#faa
Pima 0032,#aaf
Pima 0122,#aaf
Pima 0151,#aaf
Pima 0161,#faa
Pima 0075,#66f
Pima 0029,#faa
Pima 0076,#66f
Pima 0204,#f66
Pima 0195,#faa
Pima 0149,#aaf
Pima 0132,#aaf
Pima 0146,#aaf
Pima 0066,#66f
Pima 0118,#aaf
Pima 0226,#faa
Pima 0053,#66f
Pima 0100,#aaf
Pima 0153,#66f
Pima 0036,#aaf
Pima 0178,#faa
Pima 0143,#66f
Pima 0065,#faa
Pima 0003,#66f
Pima 0114,#faa
Pima 0189,#66f
Pima 0193,#faa
Pima 0155,#66f
Pima 0039,#faa
Pima 0214,#aaf
Pima 0192,#aaf
Pima 0079,#faa
Pima 0108,#aaf
Pima 0203,#aaf
Pima 0220,#faa
Pima 0050,#66f
Pima 0001,#aaf
Pima 0055,#aaf
Pima 0103,#66f
Pima 0173,#faa
Pima 0228,#aaf
Pima 0099,#66f
Pima 0024,#faa
Pima 0175,#f66
Pima 0172,#faa
Pima 0242,#faa
Pima 0197,#faa
Pima 0194,#faa
Pima 0031,#faa
Pima 0112,#aaf
Pima 0126,#faa
Pima 0085,#aaf
Pima 0230,#aaf
Pima 0049,#faa
Pima 0107,#aaf
Pima 0080,#66f
Pima 0245,#66f
Pima 0188,#faa
Pima 0005,#f66
Pima 0012,#faa
Pima 0064,#66f
Pima 0133,#aaf
Pima 0158,#aaf
Pima 0232,#aaf
Pima 0056,#66f
Pima 0237,#aaf
Pima 0011,#f66
Pima 0137,#66f
Pima 0160,#66f
Pima 0147,#faa
Pima 0113,#aaf
Pima 0034,#aaf
Pima 0209,#faa
Pima 0127,#faa
Pima 0244,#66f
Pima 0168,#faa
Pima 0052,#66f
Pima 0241,#aaf
Pima 0243,#faa
Pima 0090,#faa
Pima 0004,#66f
Pima 0179,#faa
Pima 0184,#faa
Pima 0068,#66f
Pima 0081,#faa
Pima 0070,#faa
Pima 0239,#aaf
Pima 0062,#66f
Pima 0157,#66f
Pima 0171,#aaf
Pima 0057,#66f
Pima 0059,#66f
Pima 0051,#66f
Pima 0134,#faa
Pima 0223,#faa
Pima 0233,#aaf
Pima 0145,#faa
Pima 0093,#66f
Pima 0125,#aaf
Pima 0217,#faa
Pima 0058,#66f
Pima 0028,#66f
Pima 0183,#faa
Pima 0026,#66f
Pima 0006,#faa
Pima 0129,#aaf
Pima 0061,#aaf
Pima 0035,#aaf
Pima 0138,#66f
Pima 0205,#faa
Pima 0009,#aaf
Pima 0110,#66f
Pima 0247,#66f
Pima 0013,#aaf
Pima 0152,#66f
Pima 0123,#aaf
Pima 0177,#aaf
Pima 0221,#f66
Pima 0101,#faa
Pima 0091,#66f
Pima 0144,#66f
Pima 0027,#ddd
Pima 0224,#faa
Pima 0023,#66f
Pima 0007,#faa
Pima 0119,#aaf
Pima 0104,#faa
Pima 0154,#66f
Pima 0008,#aaf
Pima 0196,#66f
Pima 0047,#66f
Pima 0219,#faa
Pima 0142,#faa
Pinal 0029,#66f
Pinal 0094,#faa
Pinal 0074,#faa
Pinal 0105,#aaf
Pinal 0066,#faa
Pinal 0042,#faa
Pinal 0053,#66f
Pinal 0076,#f66
Pinal 0036,#aaf
Pinal 0039,#faa
Pinal 0069,#faa
Pinal 0092,#faa
Pinal 0030,#faa
Pinal 0018,#faa
Pinal 0033,#faa
Pinal 0079,#faa
Pinal 0051,#f66
Pinal 0040,#faa
Pinal 0050,#66f
Pinal 0082,#aaf
Pinal 0001,#faa
Pinal 0055,#faa
Pinal 0015,#faa
Pinal 0103,#ddd
Pinal 0038,#faa
Pinal 0099,#faa
Pinal 0034,#faa
Pinal 0077,#66f
Pinal 0080,#faa
Pinal 0086,#faa
Pinal 0060,#66f
Pinal 0031,#faa
Pinal 0085,#faa
Pinal 0010,#f66
Pinal 0073,#faa
Pinal 0072,#faa
Pinal 0005,#faa
Pinal 0012,#66f
Pinal 0019,#faa
Pinal 0064,#faa
Pinal 0037,#faa
Pinal 0102,#faa
Pinal 0056,#f66
Pinal 0011,#faa
Pinal 0075,#faa
Pinal 0089,#f66
Pinal 0022,#f66
Pinal 0041,#faa
Pinal 0067,#faa
Pinal 0098,#faa
Pinal 0008,#faa
Pinal 0084,#faa
Pinal 0052,#f66
Pinal 0095,#faa
Pinal 0100,#faa
Pinal 0088,#f66
Pinal 0090,#faa
Pinal 0004,#aaf
Pinal 0078,#faa
Pinal 0068,#faa
Pinal 0093,#aaf
Pinal 0081,#faa
Pinal 0007,#faa
Pinal 0062,#66f
Pinal 0014,#66f
Pinal 0057,#f66
Pinal 0049,#f66
Pinal 0096,#f66
Pinal 0048,#faa
Pinal 0063,#f66
Pinal 0087,#faa
Pinal 0021,#f66
Pinal 0043,#faa
Pinal 0058,#f66
Pinal 0083,#faa
Pinal 0071,#f66
Pinal 0028,#faa
Pinal 0046,#f66
Pinal 0026,#faa
Pinal 0006,#66f
Pinal 0061,#66f
Pinal 0017,#aaf
Pinal 0009,#faa
Pinal 0024,#faa
Pinal 0013,#faa
Pinal 0032,#faa
Pinal 0101,#aaf
Pinal 0091,#f66
Pinal 0097,#faa
Pinal 0020,#faa
Pinal 0025,#f66
Pinal 0016,#f66
Pinal 0027,#faa
Pinal 0054,#f66
Pinal 0023,#faa
Pinal 0070,#faa
Pinal 0059,#faa
Pinal 0104,#faa
Pinal 0045,#f66
Pinal 0047,#faa
Pinal 0044,#f66
Pinal 0035,#faa
Santa Cruz 0015,#faa
Santa Cruz 0022,#66f
Santa Cruz 0008,#66f
Santa Cruz 0024,#aaf
Santa Cruz 0006,#faa
Santa Cruz 0017,#66f
Santa Cruz 0009,#66f
Santa Cruz 0002,#66f
Santa Cruz 0004,#66f
Santa Cruz 0013,#aaf
Santa Cruz 0010,#66f
Santa Cruz 0018,#66f
Santa Cruz 0020,#66f
Santa Cruz 0003,#66f
Santa Cruz 0014,#aaf
Santa Cruz 0016,#66f
Santa Cruz 0005,#66f
Santa Cruz 0012,#66f
Santa Cruz 0019,#66f
Santa Cruz 0023,#faa
Santa Cruz 0007,#aaf
Santa Cruz 0021,#66f
Santa Cruz 0011,#aaf
Santa Cruz 0001,#66f
Yavapai 0202,#faa
Yavapai 0234,#f66
Yavapai 0201,#faa
Yavapai 0218,#faa
Yavapai 0210,#faa
Yavapai 0209,#f66
Yavapai 0238,#f66
Yavapai 0244,#f66
Yavapai 0239,#f66
Yavapai 0237,#f66
Yavapai 0226,#faa
Yavapai 0212,#ddd
Yavapai 0241,#f66
Yavapai 0243,#f66
Yavapai 0206,#f66
Yavapai 0204,#faa
Yavapai 0213,#f66
Yavapai 0235,#f66
Yavapai 0240,#f66
Yavapai 0216,#faa
Yavapai 0219,#f66
Yavapai 0214,#f66
Yavapai 0215,#f66
Yavapai 0203,#faa
Yavapai 0223,#f66
Yavapai 0217,#faa
Yavapai 0207,#f66
Yavapai 0228,#aaf
Yavapai 0211,#f66
Yavapai 0242,#f66
Yavapai 0231,#f66
Yavapai 0225,#f66
Yavapai 0220,#faa
Yavapai 0230,#faa
Yavapai 0245,#f66
Yavapai 0236,#f66
Yavapai 0229,#faa
Yavapai 0227,#aaf
Yavapai 0222,#f66
Yavapai 0232,#aaf
Yavapai 0205,#f66
Yavapai 0208,#f66
Yavapai 0221,#f66
Yavapai 0233,#faa
Yavapai 0224,#f66
Yuma 0029,#66f
Yuma 0017,#f66
Yuma 0008,#faa
Yuma 0042,#aaf
Yuma 0002,#aaf
Yuma 0004,#aaf
Yuma 0027,#faa
Yuma 0018,#f66
Yuma 0003,#aaf
Yuma 0014,#faa
Yuma 0038,#aaf
Yuma 0005,#faa
Yuma 0030,#66f
Yuma 0039,#faa
Yuma 0043,#faa
Yuma 0021,#ddd
Yuma 0013,#aaf
Yuma 0001,#66f
Yuma 0015,#faa
Yuma 0040,#faa
Yuma 0028,#66f
Yuma 0026,#66f
Yuma 0024,#f66
Yuma 0006,#66f
Yuma 0009,#f66
Yuma 0031,#66f
Yuma 0041,#faa
Yuma 0033,#faa
Yuma 0010,#faa
Yuma 0020,#f66
Yuma 0044,#ddd
Yuma 0016,#faa
Yuma 0022,#faa
Yuma 0012,#f66
Yuma 0019,#faa
Yuma 0023,#f66
Yuma 0007,#66f
Yuma 0037,#aaf
Yuma 0036,#ddd
Yuma 0034,#f66
Yuma 0032,#66f
Yuma 0025,#f66
Yuma 0035,#faa
Yuma 0011,#f66
