NAME10,color
Santa Fe County Precinct 1,#66f
Santa Fe County Precinct 2,#66f
Santa Fe County Precinct 3,#66f
Santa Fe County Precinct 4,#66f
Santa Fe County Precinct 5,#66f
Santa Fe County Precinct 6,#66f
Santa Fe County Precinct 7,#66f
Santa Fe County Precinct 8,#66f
Santa Fe County Precinct 9,#66f
Santa Fe County Precinct 10,#66f
Santa Fe County Precinct 11,#66f
Santa Fe County Precinct 12,#66f
Santa Fe County Precinct 13,#66f
Santa Fe County Precinct 14,#66f
Santa Fe County Precinct 15,#faa
Santa Fe County Precinct 16,#faa
Santa Fe County Precinct 17,#66f
Santa Fe County Precinct 18,#f66
Santa Fe County Precinct 19,#faa
Santa Fe County Precinct 20,#66f
Santa Fe County Precinct 21,#66f
Santa Fe County Precinct 22,#66f
Santa Fe County Precinct 23,#66f
Santa Fe County Precinct 24,#66f
Santa Fe County Precinct 25,#66f
Santa Fe County Precinct 26,#66f
Santa Fe County Precinct 27,#66f
Santa Fe County Precinct 28,#66f
Santa Fe County Precinct 29,#66f
Santa Fe County Precinct 30,#66f
Santa Fe County Precinct 31,#66f
Santa Fe County Precinct 32,#66f
Santa Fe County Precinct 33,#66f
Santa Fe County Precinct 34,#66f
Santa Fe County Precinct 35,#66f
Santa Fe County Precinct 36,#66f
Santa Fe County Precinct 37,#66f
Santa Fe County Precinct 38,#66f
Santa Fe County Precinct 39,#66f
Santa Fe County Precinct 40,#66f
Santa Fe County Precinct 41,#66f
Santa Fe County Precinct 42,#66f
Santa Fe County Precinct 43,#66f
Santa Fe County Precinct 44,#66f
Santa Fe County Precinct 45,#66f
Santa Fe County Precinct 46,#66f
Santa Fe County Precinct 47,#66f
Santa Fe County Precinct 48,#66f
Santa Fe County Precinct 49,#66f
Santa Fe County Precinct 50,#66f
Santa Fe County Precinct 51,#66f
Santa Fe County Precinct 52,#66f
Santa Fe County Precinct 53,#66f
Santa Fe County Precinct 54,#66f
Santa Fe County Precinct 55,#66f
Santa Fe County Precinct 56,#66f
Santa Fe County Precinct 57,#66f
Santa Fe County Precinct 58,#66f
Santa Fe County Precinct 59,#66f
Santa Fe County Precinct 60,#aaf
Santa Fe County Precinct 61,#66f
Santa Fe County Precinct 62,#66f
Santa Fe County Precinct 63,#66f
Santa Fe County Precinct 64,#66f
Santa Fe County Precinct 65,#66f
Santa Fe County Precinct 66,#66f
Santa Fe County Precinct 67,#66f
Santa Fe County Precinct 68,#66f
Santa Fe County Precinct 69,#66f
Santa Fe County Precinct 70,#66f
Santa Fe County Precinct 71,#66f
Santa Fe County Precinct 72,#66f
Santa Fe County Precinct 73,#f66
Santa Fe County Precinct 74,#66f
Santa Fe County Precinct 75,#66f
Santa Fe County Precinct 76,#66f
Santa Fe County Precinct 77,#66f
Santa Fe County Precinct 78,#66f
Santa Fe County Precinct 79,#66f
Santa Fe County Precinct 80,#66f
Santa Fe County Precinct 81,#66f
Santa Fe County Precinct 82,#66f
Santa Fe County Precinct 83,#66f
Santa Fe County Precinct 84,#f66
Santa Fe County Precinct 85,#f66
Santa Fe County Precinct 86,#66f
Santa Fe County Precinct 87,#66f
Santa Fe County Precinct 88,#66f
Santa Fe County Precinct 89,#66f
Santa Fe County Precinct 90,#66f
Bernalillo County Precinct 1,#aaf
Bernalillo County Precinct 2,#aaf
Bernalillo County Precinct 3,#aaf
Bernalillo County Precinct 4,#aaf
Bernalillo County Precinct 5,#aaf
Bernalillo County Precinct 6,#aaf
Bernalillo County Precinct 7,#aaf
Bernalillo County Precinct 8,#aaf
Bernalillo County Precinct 9,#aaf
Bernalillo County Precinct 10,#aaf
Bernalillo County Precinct 11,#66f
Bernalillo County Precinct 12,#66f
Bernalillo County Precinct 13,#66f
Bernalillo County Precinct 14,#aaf
Bernalillo County Precinct 15,#aaf
Bernalillo County Precinct 16,#aaf
Bernalillo County Precinct 17,#aaf
Bernalillo County Precinct 18,#aaf
Bernalillo County Precinct 19,#faa
Bernalillo County Precinct 20,#aaf
Bernalillo County Precinct 21,#aaf
Bernalillo County Precinct 22,#aaf
Bernalillo County Precinct 23,#aaf
Bernalillo County Precinct 24,#aaf
Bernalillo County Precinct 25,#aaf
Bernalillo County Precinct 26,#aaf
Bernalillo County Precinct 27,#66f
Bernalillo County Precinct 28,#66f
Bernalillo County Precinct 29,#aaf
Bernalillo County Precinct 30,#aaf
Bernalillo County Precinct 31,#66f
Bernalillo County Precinct 32,#66f
Bernalillo County Precinct 33,#66f
Bernalillo County Precinct 34,#66f
Bernalillo County Precinct 35,#66f
Bernalillo County Precinct 36,#66f
Bernalillo County Precinct 37,#66f
Bernalillo County Precinct 38,#66f
Bernalillo County Precinct 39,#66f
Bernalillo County Precinct 40,#66f
Bernalillo County Precinct 41,#66f
Bernalillo County Precinct 42,#66f
Bernalillo County Precinct 43,#66f
Bernalillo County Precinct 44,#66f
Bernalillo County Precinct 45,#aaf
Bernalillo County Precinct 46,#66f
Bernalillo County Precinct 47,#66f
Bernalillo County Precinct 48,#66f
Bernalillo County Precinct 49,#66f
Bernalillo County Precinct 50,#66f
Bernalillo County Precinct 51,#66f
Bernalillo County Precinct 52,#66f
Bernalillo County Precinct 53,#66f
Bernalillo County Precinct 54,#aaf
Bernalillo County Precinct 55,#66f
Bernalillo County Precinct 56,#aaf
Bernalillo County Precinct 57,#aaf
Bernalillo County Precinct 58,#aaf
Bernalillo County Precinct 59,#66f
Bernalillo County Precinct 60,#aaf
Bernalillo County Precinct 61,#66f
Bernalillo County Precinct 62,#66f
Bernalillo County Precinct 63,#66f
Bernalillo County Precinct 64,#66f
Bernalillo County Precinct 65,#66f
Bernalillo County Precinct 66,#66f
Bernalillo County Precinct 67,#66f
Bernalillo County Precinct 68,#aaf
Bernalillo County Precinct 69,#faa
Bernalillo County Precinct 70,#aaf
Bernalillo County Precinct 71,#66f
Bernalillo County Precinct 72,#66f
Bernalillo County Precinct 73,#aaf
Bernalillo County Precinct 74,#aaf
Bernalillo County Precinct 75,#66f
Bernalillo County Precinct 76,#aaf
Bernalillo County Precinct 77,#aaf
Bernalillo County Precinct 78,#aaf
Bernalillo County Precinct 79,#faa
Bernalillo County Precinct 80,#aaf
Bernalillo County Precinct 81,#aaf
Bernalillo County Precinct 82,#aaf
Bernalillo County Precinct 83,#aaf
Bernalillo County Precinct 84,#aaf
Bernalillo County Precinct 85,#faa
Bernalillo County Precinct 86,#aaf
Bernalillo County Precinct 87,#aaf
Bernalillo County Precinct 88,#aaf
Bernalillo County Precinct 89,#aaf
Bernalillo County Precinct 90,#66f
Bernalillo County Precinct 91,#aaf
Bernalillo County Precinct 92,#aaf
Bernalillo County Precinct 93,#66f
Bernalillo County Precinct 94,#66f
Bernalillo County Precinct 95,#66f
Bernalillo County Precinct 96,#aaf
Bernalillo County Precinct 97,#aaf
Bernalillo County Precinct 98,#66f
Bernalillo County Precinct 99,#aaf
Bernalillo County Precinct 101,#66f
Bernalillo County Precinct 102,#66f
Bernalillo County Precinct 103,#66f
Bernalillo County Precinct 104,#66f
Bernalillo County Precinct 105,#66f
Bernalillo County Precinct 106,#66f
Bernalillo County Precinct 107,#66f
Bernalillo County Precinct 108,#aaf
Bernalillo County Precinct 109,#aaf
Bernalillo County Precinct 110,#aaf
Bernalillo County Precinct 111,#aaf
Bernalillo County Precinct 112,#aaf
Bernalillo County Precinct 113,#aaf
Bernalillo County Precinct 114,#faa
Bernalillo County Precinct 115,#aaf
Bernalillo County Precinct 116,#faa
Bernalillo County Precinct 117,#faa
Bernalillo County Precinct 118,#faa
Bernalillo County Precinct 119,#aaf
Bernalillo County Precinct 120,#aaf
Bernalillo County Precinct 121,#66f
Bernalillo County Precinct 122,#66f
Bernalillo County Precinct 123,#66f
Bernalillo County Precinct 124,#66f
Bernalillo County Precinct 125,#66f
Bernalillo County Precinct 127,#faa
Bernalillo County Precinct 128,#faa
Bernalillo County Precinct 129,#faa
Bernalillo County Precinct 131,#66f
Bernalillo County Precinct 132,#66f
Bernalillo County Precinct 133,#66f
Bernalillo County Precinct 134,#aaf
Bernalillo County Precinct 135,#66f
Bernalillo County Precinct 136,#66f
Bernalillo County Precinct 137,#aaf
Bernalillo County Precinct 138,#66f
Bernalillo County Precinct 139,#aaf
Bernalillo County Precinct 140,#66f
Bernalillo County Precinct 141,#66f
Bernalillo County Precinct 142,#66f
Bernalillo County Precinct 143,#66f
Bernalillo County Precinct 144,#aaf
Bernalillo County Precinct 150,#66f
Bernalillo County Precinct 151,#66f
Bernalillo County Precinct 152,#66f
Bernalillo County Precinct 153,#66f
Bernalillo County Precinct 154,#66f
Bernalillo County Precinct 161,#66f
Bernalillo County Precinct 162,#66f
Bernalillo County Precinct 163,#66f
Bernalillo County Precinct 164,#66f
Bernalillo County Precinct 165,#66f
Bernalillo County Precinct 166,#66f
Bernalillo County Precinct 170,#aaf
Bernalillo County Precinct 171,#aaf
Bernalillo County Precinct 180,#66f
Bernalillo County Precinct 181,#66f
Bernalillo County Precinct 182,#66f
Bernalillo County Precinct 183,#66f
Bernalillo County Precinct 184,#66f
Bernalillo County Precinct 185,#66f
Bernalillo County Precinct 186,#66f
Bernalillo County Precinct 187,#66f
Bernalillo County Precinct 191,#66f
Bernalillo County Precinct 192,#66f
Bernalillo County Precinct 193,#66f
Bernalillo County Precinct 194,#66f
Bernalillo County Precinct 195,#66f
Bernalillo County Precinct 196,#66f
Bernalillo County Precinct 197,#66f
Bernalillo County Precinct 211,#66f
Bernalillo County Precinct 212,#66f
Bernalillo County Precinct 214,#66f
Bernalillo County Precinct 215,#66f
Bernalillo County Precinct 216,#66f
Bernalillo County Precinct 217,#66f
Bernalillo County Precinct 221,#66f
Bernalillo County Precinct 223,#66f
Bernalillo County Precinct 224,#66f
Bernalillo County Precinct 225,#66f
Bernalillo County Precinct 226,#66f
Bernalillo County Precinct 241,#66f
Bernalillo County Precinct 242,#66f
Bernalillo County Precinct 243,#66f
Bernalillo County Precinct 244,#66f
Bernalillo County Precinct 245,#66f
Bernalillo County Precinct 246,#66f
Bernalillo County Precinct 251,#66f
Bernalillo County Precinct 252,#66f
Bernalillo County Precinct 253,#66f
Bernalillo County Precinct 254,#66f
Bernalillo County Precinct 255,#66f
Bernalillo County Precinct 256,#66f
Bernalillo County Precinct 257,#f66
Bernalillo County Precinct 258,#faa
Bernalillo County Precinct 271,#66f
Bernalillo County Precinct 272,#66f
Bernalillo County Precinct 273,#66f
Bernalillo County Precinct 274,#66f
Bernalillo County Precinct 275,#66f
Bernalillo County Precinct 278,#aaf
Bernalillo County Precinct 281,#66f
Bernalillo County Precinct 282,#66f
Bernalillo County Precinct 283,#66f
Bernalillo County Precinct 284,#66f
Bernalillo County Precinct 285,#66f
Bernalillo County Precinct 286,#66f
Bernalillo County Precinct 287,#66f
Bernalillo County Precinct 289,#faa
Bernalillo County Precinct 290,#faa
Bernalillo County Precinct 291,#aaf
Bernalillo County Precinct 292,#aaf
Bernalillo County Precinct 293,#aaf
Bernalillo County Precinct 294,#faa
Bernalillo County Precinct 295,#faa
Bernalillo County Precinct 296,#aaf
Bernalillo County Precinct 297,#aaf
Bernalillo County Precinct 298,#aaf
Bernalillo County Precinct 299,#aaf
Bernalillo County Precinct 300,#aaf
Bernalillo County Precinct 301,#aaf
Bernalillo County Precinct 302,#faa
Bernalillo County Precinct 303,#aaf
Bernalillo County Precinct 304,#aaf
Bernalillo County Precinct 305,#aaf
Bernalillo County Precinct 306,#faa
Bernalillo County Precinct 307,#aaf
Bernalillo County Precinct 308,#aaf
Bernalillo County Precinct 311,#66f
Bernalillo County Precinct 312,#66f
Bernalillo County Precinct 313,#66f
Bernalillo County Precinct 314,#aaf
Bernalillo County Precinct 315,#aaf
Bernalillo County Precinct 316,#aaf
Bernalillo County Precinct 317,#aaf
Bernalillo County Precinct 318,#66f
Bernalillo County Precinct 321,#66f
Bernalillo County Precinct 322,#66f
Bernalillo County Precinct 323,#66f
Bernalillo County Precinct 324,#aaf
Bernalillo County Precinct 326,#66f
Bernalillo County Precinct 327,#aaf
Bernalillo County Precinct 328,#aaf
Bernalillo County Precinct 329,#aaf
Bernalillo County Precinct 330,#aaf
Bernalillo County Precinct 331,#66f
Bernalillo County Precinct 332,#aaf
Bernalillo County Precinct 333,#faa
Bernalillo County Precinct 341,#66f
Bernalillo County Precinct 342,#66f
Bernalillo County Precinct 343,#66f
Bernalillo County Precinct 344,#66f
Bernalillo County Precinct 345,#66f
Bernalillo County Precinct 346,#aaf
Bernalillo County Precinct 347,#aaf
Bernalillo County Precinct 351,#66f
Bernalillo County Precinct 352,#66f
Bernalillo County Precinct 353,#66f
Bernalillo County Precinct 354,#66f
Bernalillo County Precinct 355,#66f
Bernalillo County Precinct 356,#66f
Bernalillo County Precinct 357,#66f
Bernalillo County Precinct 358,#66f
Bernalillo County Precinct 371,#66f
Bernalillo County Precinct 372,#66f
Bernalillo County Precinct 373,#66f
Bernalillo County Precinct 374,#66f
Bernalillo County Precinct 375,#66f
Bernalillo County Precinct 381,#66f
Bernalillo County Precinct 382,#66f
Bernalillo County Precinct 383,#66f
Bernalillo County Precinct 384,#66f
Bernalillo County Precinct 385,#66f
Bernalillo County Precinct 386,#66f
Bernalillo County Precinct 387,#66f
Bernalillo County Precinct 400,#aaf
Bernalillo County Precinct 401,#aaf
Bernalillo County Precinct 402,#aaf
Bernalillo County Precinct 403,#aaf
Bernalillo County Precinct 404,#aaf
Bernalillo County Precinct 405,#66f
Bernalillo County Precinct 406,#aaf
Bernalillo County Precinct 407,#aaf
Bernalillo County Precinct 408,#ddd
Bernalillo County Precinct 409,#aaf
Bernalillo County Precinct 410,#aaf
Bernalillo County Precinct 411,#66f
Bernalillo County Precinct 412,#66f
Bernalillo County Precinct 413,#66f
Bernalillo County Precinct 414,#aaf
Bernalillo County Precinct 415,#aaf
Bernalillo County Precinct 416,#aaf
Bernalillo County Precinct 417,#66f
Bernalillo County Precinct 418,#aaf
Bernalillo County Precinct 419,#aaf
Bernalillo County Precinct 420,#aaf
Bernalillo County Precinct 421,#aaf
Bernalillo County Precinct 422,#faa
Bernalillo County Precinct 423,#faa
Bernalillo County Precinct 424,#faa
Bernalillo County Precinct 425,#faa
Bernalillo County Precinct 426,#aaf
Bernalillo County Precinct 427,#faa
Bernalillo County Precinct 428,#aaf
Bernalillo County Precinct 429,#aaf
Bernalillo County Precinct 430,#faa
Bernalillo County Precinct 431,#aaf
Bernalillo County Precinct 432,#aaf
Bernalillo County Precinct 433,#aaf
Bernalillo County Precinct 434,#66f
Bernalillo County Precinct 435,#aaf
Bernalillo County Precinct 436,#aaf
Bernalillo County Precinct 437,#66f
Bernalillo County Precinct 438,#66f
Bernalillo County Precinct 439,#66f
Bernalillo County Precinct 440,#aaf
Bernalillo County Precinct 441,#66f
Bernalillo County Precinct 442,#66f
Bernalillo County Precinct 443,#aaf
Bernalillo County Precinct 444,#aaf
Bernalillo County Precinct 445,#aaf
Bernalillo County Precinct 446,#aaf
Bernalillo County Precinct 447,#faa
Bernalillo County Precinct 448,#aaf
Bernalillo County Precinct 449,#aaf
Bernalillo County Precinct 450,#faa
Bernalillo County Precinct 451,#aaf
Bernalillo County Precinct 452,#aaf
Bernalillo County Precinct 453,#aaf
Bernalillo County Precinct 454,#aaf
Bernalillo County Precinct 455,#aaf
Bernalillo County Precinct 456,#faa
Bernalillo County Precinct 461,#aaf
Bernalillo County Precinct 462,#aaf
Bernalillo County Precinct 463,#aaf
Bernalillo County Precinct 464,#aaf
Bernalillo County Precinct 465,#aaf
Bernalillo County Precinct 466,#faa
Bernalillo County Precinct 471,#aaf
Bernalillo County Precinct 472,#faa
Bernalillo County Precinct 473,#aaf
Bernalillo County Precinct 474,#aaf
Bernalillo County Precinct 475,#aaf
Bernalillo County Precinct 476,#faa
Bernalillo County Precinct 477,#66f
Bernalillo County Precinct 478,#aaf
Bernalillo County Precinct 480,#aaf
Bernalillo County Precinct 481,#aaf
Bernalillo County Precinct 482,#faa
Bernalillo County Precinct 483,#faa
Bernalillo County Precinct 484,#aaf
Bernalillo County Precinct 485,#aaf
Bernalillo County Precinct 486,#aaf
Bernalillo County Precinct 487,#aaf
Bernalillo County Precinct 488,#aaf
Bernalillo County Precinct 489,#aaf
Bernalillo County Precinct 490,#faa
Bernalillo County Precinct 491,#aaf
Bernalillo County Precinct 492,#aaf
Bernalillo County Precinct 493,#aaf
Bernalillo County Precinct 494,#aaf
Bernalillo County Precinct 495,#aaf
Bernalillo County Precinct 496,#faa
Bernalillo County Precinct 497,#aaf
Bernalillo County Precinct 498,#aaf
Bernalillo County Precinct 499,#aaf
Bernalillo County Precinct 500,#faa
Bernalillo County Precinct 502,#aaf
Bernalillo County Precinct 503,#aaf
Bernalillo County Precinct 504,#aaf
Bernalillo County Precinct 505,#aaf
Bernalillo County Precinct 506,#aaf
Bernalillo County Precinct 507,#faa
Bernalillo County Precinct 508,#aaf
Bernalillo County Precinct 509,#aaf
Bernalillo County Precinct 510,#aaf
Bernalillo County Precinct 511,#faa
Bernalillo County Precinct 512,#aaf
Bernalillo County Precinct 513,#aaf
Bernalillo County Precinct 514,#aaf
Bernalillo County Precinct 515,#faa
Bernalillo County Precinct 516,#aaf
Bernalillo County Precinct 517,#faa
Bernalillo County Precinct 518,#faa
Bernalillo County Precinct 519,#faa
Bernalillo County Precinct 520,#aaf
Bernalillo County Precinct 521,#aaf
Bernalillo County Precinct 522,#aaf
Bernalillo County Precinct 523,#aaf
Bernalillo County Precinct 524,#faa
Bernalillo County Precinct 525,#aaf
Bernalillo County Precinct 526,#faa
Bernalillo County Precinct 527,#faa
Bernalillo County Precinct 528,#faa
Bernalillo County Precinct 529,#aaf
Bernalillo County Precinct 530,#aaf
Bernalillo County Precinct 531,#aaf
Bernalillo County Precinct 532,#aaf
Bernalillo County Precinct 533,#aaf
Bernalillo County Precinct 534,#aaf
Bernalillo County Precinct 535,#aaf
Bernalillo County Precinct 536,#aaf
Bernalillo County Precinct 537,#aaf
Bernalillo County Precinct 538,#aaf
Bernalillo County Precinct 539,#aaf
Bernalillo County Precinct 540,#aaf
Bernalillo County Precinct 541,#f66
Bernalillo County Precinct 542,#aaf
Bernalillo County Precinct 543,#aaf
Bernalillo County Precinct 544,#aaf
Bernalillo County Precinct 545,#aaf
Bernalillo County Precinct 546,#faa
Bernalillo County Precinct 547,#aaf
Bernalillo County Precinct 548,#aaf
Bernalillo County Precinct 549,#aaf
Bernalillo County Precinct 550,#aaf
Bernalillo County Precinct 551,#aaf
Bernalillo County Precinct 552,#faa
Bernalillo County Precinct 553,#faa
Bernalillo County Precinct 554,#aaf
Bernalillo County Precinct 555,#faa
Bernalillo County Precinct 556,#aaf
Bernalillo County Precinct 557,#faa
Bernalillo County Precinct 558,#faa
Bernalillo County Precinct 559,#aaf
Bernalillo County Precinct 560,#faa
Bernalillo County Precinct 561,#faa
Bernalillo County Precinct 562,#aaf
Bernalillo County Precinct 563,#faa
Bernalillo County Precinct 564,#faa
Bernalillo County Precinct 565,#faa
Bernalillo County Precinct 566,#faa
Bernalillo County Precinct 567,#faa
Bernalillo County Precinct 568,#faa
Bernalillo County Precinct 569,#aaf
Bernalillo County Precinct 570,#faa
Bernalillo County Precinct 571,#faa
Bernalillo County Precinct 572,#faa
Bernalillo County Precinct 573,#faa
Bernalillo County Precinct 601,#faa
Bernalillo County Precinct 602,#faa
Bernalillo County Precinct 603,#aaf
Eddy County Precinct 1,#f66
Eddy County Precinct 2,#faa
Eddy County Precinct 3,#f66
Eddy County Precinct 4,#f66
Eddy County Precinct 5,#f66
Eddy County Precinct 6,#f66
Eddy County Precinct 7,#f66
Eddy County Precinct 8,#f66
Eddy County Precinct 9,#faa
Eddy County Precinct 10,#aaf
Eddy County Precinct 11,#aaf
Eddy County Precinct 12,#aaf
Eddy County Precinct 13,#aaf
Eddy County Precinct 14,#aaf
Eddy County Precinct 15,#faa
Eddy County Precinct 16,#faa
Eddy County Precinct 17,#faa
Eddy County Precinct 18,#f66
Eddy County Precinct 19,#f66
Eddy County Precinct 20,#f66
Eddy County Precinct 21,#f66
Eddy County Precinct 23,#faa
Eddy County Precinct 25,#f66
Eddy County Precinct 26,#f66
Eddy County Precinct 27,#f66
Eddy County Precinct 28,#f66
Eddy County Precinct 29,#f66
Eddy County Precinct 30,#f66
Eddy County Precinct 32,#faa
Eddy County Precinct 33,#f66
Eddy County Precinct 34,#f66
Eddy County Precinct 35,#f66
Eddy County Precinct 36,#f66
Eddy County Precinct 37,#f66
Eddy County Precinct 38,#f66
Eddy County Precinct 39,#f66
Eddy County Precinct 40,#f66
Eddy County Precinct 41,#f66
Eddy County Precinct 42,#f66
Eddy County Precinct 44,#f66
Eddy County Precinct 45,#f66
Chaves County Precinct 1,#f66
Chaves County Precinct 2,#f66
Chaves County Precinct 3,#f66
Chaves County Precinct 4,#f66
Chaves County Precinct 5,#f66
Chaves County Precinct 6,#f66
Chaves County Precinct 7,#f66
Chaves County Precinct 9,#f66
Chaves County Precinct 10,#f66
Chaves County Precinct 11,#f66
Chaves County Precinct 12,#f66
Chaves County Precinct 13,#faa
Chaves County Precinct 14,#faa
Chaves County Precinct 15,#f66
Chaves County Precinct 16,#f66
Chaves County Precinct 21,#f66
Chaves County Precinct 22,#f66
Chaves County Precinct 23,#faa
Chaves County Precinct 24,#faa
Chaves County Precinct 25,#faa
Chaves County Precinct 31,#faa
Chaves County Precinct 32,#faa
Chaves County Precinct 33,#faa
Chaves County Precinct 34,#aaf
Chaves County Precinct 35,#faa
Chaves County Precinct 36,#f66
Chaves County Precinct 41,#f66
Chaves County Precinct 42,#faa
Chaves County Precinct 43,#aaf
Chaves County Precinct 44,#f66
Chaves County Precinct 45,#f66
Chaves County Precinct 46,#f66
Chaves County Precinct 47,#f66
Chaves County Precinct 51,#aaf
Chaves County Precinct 52,#faa
Chaves County Precinct 61,#66f
Chaves County Precinct 62,#aaf
Chaves County Precinct 63,#aaf
Chaves County Precinct 71,#f66
Chaves County Precinct 72,#faa
Chaves County Precinct 73,#f66
Chaves County Precinct 81,#faa
Chaves County Precinct 82,#faa
Chaves County Precinct 83,#f66
Chaves County Precinct 84,#f66
Chaves County Precinct 85,#f66
Chaves County Precinct 90,#faa
Chaves County Precinct 91,#faa
Chaves County Precinct 92,#f66
Chaves County Precinct 93,#f66
Chaves County Precinct 94,#aaf
Chaves County Precinct 101,#f66
Chaves County Precinct 102,#f66
Chaves County Precinct 103,#f66
Chaves County Precinct 104,#f66
Curry County Precinct 1,#f66
Curry County Precinct 2,#f66
Curry County Precinct 3,#f66
Curry County Precinct 4,#f66
Curry County Precinct 5,#f66
Curry County Precinct 6,#66f
Curry County Precinct 7,#aaf
Curry County Precinct 8,#faa
Curry County Precinct 9,#faa
Curry County Precinct 10,#f66
Curry County Precinct 11,#f66
Curry County Precinct 12,#faa
Curry County Precinct 13,#f66
Curry County Precinct 14,#f66
Curry County Precinct 15,#f66
Curry County Precinct 16,#f66
Curry County Precinct 17,#f66
Curry County Precinct 18,#f66
Curry County Precinct 19,#f66
Curry County Precinct 20,#faa
Curry County Precinct 21,#faa
Curry County Precinct 22,#faa
Curry County Precinct 23,#f66
Curry County Precinct 24,#f66
Curry County Precinct 25,#aaf
Curry County Precinct 26,#faa
Curry County Precinct 27,#faa
Curry County Precinct 28,#faa
Curry County Precinct 29,#faa
Curry County Precinct 30,#f66
Curry County Precinct 31,#f66
Curry County Precinct 32,#f66
Curry County Precinct 33,#f66
Curry County Precinct 34,#f66
Curry County Precinct 35,#f66
Curry County Precinct 36,#f66
Curry County Precinct 37,#f66
Lea County Precinct 2,#f66
Lea County Precinct 3,#f66
Lea County Precinct 10,#f66
Lea County Precinct 11,#faa
Lea County Precinct 12,#f66
Lea County Precinct 13,#f66
Lea County Precinct 14,#f66
Lea County Precinct 15,#f66
Lea County Precinct 16,#faa
Lea County Precinct 17,#faa
Lea County Precinct 18,#f66
Lea County Precinct 20,#f66
Lea County Precinct 21,#f66
Lea County Precinct 22,#f66
Lea County Precinct 23,#f66
Lea County Precinct 24,#f66
Lea County Precinct 25,#f66
Lea County Precinct 26,#f66
Lea County Precinct 27,#f66
Lea County Precinct 28,#f66
Lea County Precinct 29,#f66
Lea County Precinct 30,#f66
Lea County Precinct 31,#faa
Lea County Precinct 32,#f66
Lea County Precinct 33,#f66
Lea County Precinct 34,#faa
Lea County Precinct 35,#faa
Lea County Precinct 36,#faa
Lea County Precinct 41,#f66
Lea County Precinct 42,#f66
Lea County Precinct 43,#f66
Lea County Precinct 44,#f66
Lea County Precinct 51,#aaf
Lea County Precinct 52,#aaf
Lea County Precinct 53,#aaf
Lea County Precinct 54,#aaf
Lea County Precinct 55,#aaf
Lea County Precinct 61,#faa
Lea County Precinct 62,#f66
Lea County Precinct 71,#f66
Lea County Precinct 72,#f66
Lea County Precinct 73,#f66
Lea County Precinct 74,#f66
Doa Ana County Precinct 1,#faa
Doa Ana County Precinct 2,#aaf
Doa Ana County Precinct 3,#aaf
Doa Ana County Precinct 4,#66f
Doa Ana County Precinct 5,#aaf
Doa Ana County Precinct 6,#faa
Doa Ana County Precinct 7,#aaf
Doa Ana County Precinct 8,#66f
Doa Ana County Precinct 9,#66f
Doa Ana County Precinct 10,#66f
Doa Ana County Precinct 11,#66f
Doa Ana County Precinct 12,#66f
Doa Ana County Precinct 13,#66f
Doa Ana County Precinct 14,#faa
Doa Ana County Precinct 15,#aaf
Doa Ana County Precinct 16,#66f
Doa Ana County Precinct 17,#aaf
Doa Ana County Precinct 18,#66f
Doa Ana County Precinct 19,#faa
Doa Ana County Precinct 20,#aaf
Doa Ana County Precinct 21,#faa
Doa Ana County Precinct 22,#aaf
Doa Ana County Precinct 23,#66f
Doa Ana County Precinct 24,#aaf
Doa Ana County Precinct 25,#66f
Doa Ana County Precinct 26,#aaf
Doa Ana County Precinct 27,#66f
Doa Ana County Precinct 28,#66f
Doa Ana County Precinct 29,#66f
Doa Ana County Precinct 30,#66f
Doa Ana County Precinct 31,#aaf
Doa Ana County Precinct 32,#66f
Doa Ana County Precinct 33,#66f
Doa Ana County Precinct 34,#66f
Doa Ana County Precinct 35,#66f
Doa Ana County Precinct 36,#66f
Doa Ana County Precinct 37,#66f
Doa Ana County Precinct 38,#66f
Doa Ana County Precinct 39,#aaf
Doa Ana County Precinct 40,#aaf
Doa Ana County Precinct 41,#66f
Doa Ana County Precinct 42,#66f
Doa Ana County Precinct 43,#66f
Doa Ana County Precinct 44,#66f
Doa Ana County Precinct 45,#66f
Doa Ana County Precinct 46,#66f
Doa Ana County Precinct 47,#66f
Doa Ana County Precinct 48,#66f
Doa Ana County Precinct 49,#aaf
Doa Ana County Precinct 50,#66f
Doa Ana County Precinct 51,#aaf
Doa Ana County Precinct 52,#66f
Doa Ana County Precinct 53,#66f
Doa Ana County Precinct 54,#66f
Doa Ana County Precinct 55,#aaf
Doa Ana County Precinct 56,#aaf
Doa Ana County Precinct 57,#aaf
Doa Ana County Precinct 58,#aaf
Doa Ana County Precinct 59,#faa
Doa Ana County Precinct 60,#aaf
Doa Ana County Precinct 61,#aaf
Doa Ana County Precinct 62,#faa
Doa Ana County Precinct 63,#faa
Doa Ana County Precinct 64,#faa
Doa Ana County Precinct 65,#66f
Doa Ana County Precinct 66,#aaf
Doa Ana County Precinct 67,#aaf
Doa Ana County Precinct 68,#aaf
Doa Ana County Precinct 69,#aaf
Doa Ana County Precinct 70,#aaf
Doa Ana County Precinct 71,#aaf
Doa Ana County Precinct 72,#faa
Doa Ana County Precinct 73,#aaf
Doa Ana County Precinct 74,#faa
Doa Ana County Precinct 75,#aaf
Doa Ana County Precinct 76,#aaf
Doa Ana County Precinct 77,#aaf
Doa Ana County Precinct 78,#aaf
Doa Ana County Precinct 79,#66f
Doa Ana County Precinct 80,#66f
Doa Ana County Precinct 81,#faa
Doa Ana County Precinct 82,#66f
Doa Ana County Precinct 83,#aaf
Doa Ana County Precinct 84,#faa
Doa Ana County Precinct 85,#aaf
Doa Ana County Precinct 86,#aaf
Doa Ana County Precinct 87,#faa
Doa Ana County Precinct 88,#aaf
Doa Ana County Precinct 89,#aaf
Doa Ana County Precinct 90,#aaf
Doa Ana County Precinct 91,#aaf
Doa Ana County Precinct 92,#66f
Doa Ana County Precinct 93,#66f
Doa Ana County Precinct 94,#66f
Doa Ana County Precinct 95,#faa
Doa Ana County Precinct 96,#aaf
Doa Ana County Precinct 97,#66f
Doa Ana County Precinct 98,#faa
Doa Ana County Precinct 99,#faa
Doa Ana County Precinct 100,#faa
Doa Ana County Precinct 101,#aaf
Doa Ana County Precinct 102,#faa
Doa Ana County Precinct 103,#aaf
Doa Ana County Precinct 104,#aaf
Doa Ana County Precinct 105,#aaf
Doa Ana County Precinct 106,#aaf
Doa Ana County Precinct 107,#faa
Doa Ana County Precinct 108,#aaf
Doa Ana County Precinct 109,#aaf
Doa Ana County Precinct 110,#faa
Doa Ana County Precinct 111,#f66
Doa Ana County Precinct 112,#faa
Doa Ana County Precinct 113,#aaf
Doa Ana County Precinct 114,#faa
Doa Ana County Precinct 115,#faa
Doa Ana County Precinct 116,#aaf
Doa Ana County Precinct 117,#aaf
Doa Ana County Precinct 118,#aaf
Doa Ana County Precinct 119,#aaf
Doa Ana County Precinct 120,#aaf
Grant County Precinct 1,#f66
Grant County Precinct 2,#faa
Grant County Precinct 3,#aaf
Grant County Precinct 4,#faa
Grant County Precinct 5,#faa
Grant County Precinct 6,#f66
Grant County Precinct 7,#aaf
Grant County Precinct 8,#faa
Grant County Precinct 9,#aaf
Grant County Precinct 10,#faa
Grant County Precinct 11,#faa
Grant County Precinct 12,#aaf
Grant County Precinct 13,#faa
Grant County Precinct 14,#aaf
Grant County Precinct 15,#aaf
Grant County Precinct 16,#aaf
Grant County Precinct 17,#faa
Grant County Precinct 18,#66f
Grant County Precinct 19,#66f
Grant County Precinct 20,#66f
Grant County Precinct 21,#66f
Grant County Precinct 22,#66f
Grant County Precinct 23,#faa
Grant County Precinct 24,#66f
Grant County Precinct 25,#66f
Grant County Precinct 26,#66f
Grant County Precinct 27,#66f
Grant County Precinct 28,#66f
Grant County Precinct 29,#aaf
Grant County Precinct 30,#f66
Grant County Precinct 31,#f66
Grant County Precinct 32,#66f
Grant County Precinct 33,#faa
Grant County Precinct 34,#66f
Grant County Precinct 35,#f66
Colfax County Precinct 1,#faa
Colfax County Precinct 2,#aaf
Colfax County Precinct 3,#faa
Colfax County Precinct 4,#faa
Colfax County Precinct 5,#faa
Colfax County Precinct 7,#faa
Colfax County Precinct 10,#f66
Colfax County Precinct 11,#faa
Colfax County Precinct 12,#aaf
Colfax County Precinct 13,#aaf
Colfax County Precinct 14,#faa
Colfax County Precinct 15,#faa
Colfax County Precinct 16,#faa
Colfax County Precinct 17,#aaf
Colfax County Precinct 18,#aaf
Colfax County Precinct 19,#66f
Colfax County Precinct 20,#aaf
Colfax County Precinct 21,#faa
Colfax County Precinct 22,#faa
Quay County Precinct 1,#f66
Quay County Precinct 2,#f66
Quay County Precinct 3,#f66
Quay County Precinct 4,#f66
Quay County Precinct 5,#f66
Quay County Precinct 6,#f66
Quay County Precinct 7,#aaf
Quay County Precinct 8,#faa
Quay County Precinct 9,#faa
Quay County Precinct 10,#66f
Quay County Precinct 11,#faa
Quay County Precinct 12,#f66
Roosevelt County Precinct 1,#faa
Roosevelt County Precinct 2,#f66
Roosevelt County Precinct 3,#f66
Roosevelt County Precinct 4,#f66
Roosevelt County Precinct 5,#f66
Roosevelt County Precinct 6,#f66
Roosevelt County Precinct 7,#faa
Roosevelt County Precinct 8,#aaf
Roosevelt County Precinct 9,#f66
Roosevelt County Precinct 10,#f66
Roosevelt County Precinct 11,#f66
Roosevelt County Precinct 12,#faa
Roosevelt County Precinct 13,#faa
Roosevelt County Precinct 14,#faa
Roosevelt County Precinct 15,#f66
Roosevelt County Precinct 16,#f66
Roosevelt County Precinct 17,#f66
Roosevelt County Precinct 18,#f66
San Miguel County Precinct 1,#66f
San Miguel County Precinct 2,#66f
San Miguel County Precinct 3,#66f
San Miguel County Precinct 4,#66f
San Miguel County Precinct 5,#66f
San Miguel County Precinct 6,#66f
San Miguel County Precinct 7,#66f
San Miguel County Precinct 8,#66f
San Miguel County Precinct 9,#aaf
San Miguel County Precinct 10,#66f
San Miguel County Precinct 11,#66f
San Miguel County Precinct 12,#66f
San Miguel County Precinct 13,#66f
San Miguel County Precinct 14,#faa
San Miguel County Precinct 15,#f66
San Miguel County Precinct 16,#66f
San Miguel County Precinct 17,#66f
San Miguel County Precinct 18,#66f
San Miguel County Precinct 19,#66f
San Miguel County Precinct 20,#66f
San Miguel County Precinct 21,#66f
San Miguel County Precinct 22,#66f
San Miguel County Precinct 23,#66f
San Miguel County Precinct 24,#66f
San Miguel County Precinct 25,#66f
San Miguel County Precinct 26,#66f
San Miguel County Precinct 27,#66f
San Miguel County Precinct 28,#66f
McKinley County Precinct 1,#66f
McKinley County Precinct 2,#aaf
McKinley County Precinct 3,#aaf
McKinley County Precinct 4,#66f
McKinley County Precinct 5,#66f
McKinley County Precinct 6,#66f
McKinley County Precinct 7,#66f
McKinley County Precinct 8,#66f
McKinley County Precinct 9,#66f
McKinley County Precinct 10,#66f
McKinley County Precinct 11,#66f
McKinley County Precinct 12,#66f
McKinley County Precinct 13,#66f
McKinley County Precinct 14,#66f
McKinley County Precinct 15,#66f
McKinley County Precinct 16,#66f
McKinley County Precinct 17,#aaf
McKinley County Precinct 18,#66f
McKinley County Precinct 19,#66f
McKinley County Precinct 20,#66f
McKinley County Precinct 21,#66f
McKinley County Precinct 22,#66f
McKinley County Precinct 23,#66f
McKinley County Precinct 24,#66f
McKinley County Precinct 25,#66f
McKinley County Precinct 26,#f66
McKinley County Precinct 27,#66f
McKinley County Precinct 28,#66f
McKinley County Precinct 29,#66f
McKinley County Precinct 30,#66f
McKinley County Precinct 31,#aaf
McKinley County Precinct 32,#aaf
McKinley County Precinct 33,#66f
McKinley County Precinct 34,#66f
McKinley County Precinct 35,#66f
McKinley County Precinct 36,#66f
McKinley County Precinct 37,#66f
McKinley County Precinct 38,#66f
McKinley County Precinct 39,#aaf
McKinley County Precinct 40,#aaf
McKinley County Precinct 41,#66f
McKinley County Precinct 42,#ddd
McKinley County Precinct 43,#faa
McKinley County Precinct 44,#faa
McKinley County Precinct 45,#faa
McKinley County Precinct 46,#faa
McKinley County Precinct 47,#66f
McKinley County Precinct 48,#66f
McKinley County Precinct 49,#aaf
McKinley County Precinct 50,#aaf
McKinley County Precinct 51,#66f
McKinley County Precinct 52,#faa
McKinley County Precinct 53,#66f
McKinley County Precinct 54,#66f
McKinley County Precinct 55,#66f
McKinley County Precinct 56,#aaf
McKinley County Precinct 57,#66f
McKinley County Precinct 58,#aaf
McKinley County Precinct 59,#aaf
McKinley County Precinct 60,#66f
McKinley County Precinct 61,#66f
McKinley County Precinct 62,#66f
Valencia County Precinct 1,#faa
Valencia County Precinct 2,#aaf
Valencia County Precinct 3,#faa
Valencia County Precinct 4,#faa
Valencia County Precinct 5,#faa
Valencia County Precinct 6,#faa
Valencia County Precinct 7,#faa
Valencia County Precinct 8,#faa
Valencia County Precinct 9,#faa
Valencia County Precinct 10,#faa
Valencia County Precinct 11,#f66
Valencia County Precinct 12,#faa
Valencia County Precinct 13,#66f
Valencia County Precinct 14,#faa
Valencia County Precinct 15,#faa
Valencia County Precinct 16,#aaf
Valencia County Precinct 17,#faa
Valencia County Precinct 18,#faa
Valencia County Precinct 19,#faa
Valencia County Precinct 20,#faa
Valencia County Precinct 21,#faa
Valencia County Precinct 22,#faa
Valencia County Precinct 23,#faa
Valencia County Precinct 24,#66f
Valencia County Precinct 25,#aaf
Valencia County Precinct 26,#aaf
Valencia County Precinct 27,#faa
Valencia County Precinct 28,#aaf
Valencia County Precinct 29,#faa
Valencia County Precinct 30,#faa
Valencia County Precinct 31,#faa
Valencia County Precinct 32,#faa
Valencia County Precinct 33,#faa
Valencia County Precinct 34,#faa
Valencia County Precinct 35,#faa
Valencia County Precinct 36,#faa
Valencia County Precinct 37,#faa
Valencia County Precinct 38,#faa
Valencia County Precinct 39,#faa
Valencia County Precinct 40,#faa
Valencia County Precinct 41,#faa
Otero County Precinct 1,#66f
Otero County Precinct 2,#f66
Otero County Precinct 3,#f66
Otero County Precinct 4,#f66
Otero County Precinct 5,#f66
Otero County Precinct 6,#f66
Otero County Precinct 7,#f66
Otero County Precinct 8,#f66
Otero County Precinct 9,#f66
Otero County Precinct 10,#f66
Otero County Precinct 11,#66f
Otero County Precinct 12,#f66
Otero County Precinct 13,#faa
Otero County Precinct 14,#f66
Otero County Precinct 15,#f66
Otero County Precinct 16,#faa
Otero County Precinct 17,#faa
Otero County Precinct 18,#f66
Otero County Precinct 19,#66f
Otero County Precinct 20,#aaf
Otero County Precinct 21,#f66
Otero County Precinct 22,#faa
Otero County Precinct 23,#faa
Otero County Precinct 24,#f66
Otero County Precinct 25,#f66
Otero County Precinct 26,#faa
Otero County Precinct 27,#f66
Otero County Precinct 28,#f66
Otero County Precinct 29,#f66
Otero County Precinct 30,#faa
Otero County Precinct 31,#faa
Otero County Precinct 32,#aaf
Otero County Precinct 33,#faa
Otero County Precinct 34,#faa
Otero County Precinct 35,#f66
Otero County Precinct 36,#faa
Otero County Precinct 37,#f66
Otero County Precinct 38,#f66
Otero County Precinct 39,#f66
Otero County Precinct 40,#f66
Otero County Precinct 41,#66f
San Juan County Precinct 1,#66f
San Juan County Precinct 2,#66f
San Juan County Precinct 3,#66f
San Juan County Precinct 4,#66f
San Juan County Precinct 5,#66f
San Juan County Precinct 6,#66f
San Juan County Precinct 7,#66f
San Juan County Precinct 8,#66f
San Juan County Precinct 9,#66f
San Juan County Precinct 10,#66f
San Juan County Precinct 11,#66f
San Juan County Precinct 12,#66f
San Juan County Precinct 13,#66f
San Juan County Precinct 14,#66f
San Juan County Precinct 15,#66f
San Juan County Precinct 16,#aaf
San Juan County Precinct 17,#66f
San Juan County Precinct 18,#aaf
San Juan County Precinct 19,#aaf
San Juan County Precinct 20,#aaf
San Juan County Precinct 21,#f66
San Juan County Precinct 22,#faa
San Juan County Precinct 23,#f66
San Juan County Precinct 24,#f66
San Juan County Precinct 25,#f66
San Juan County Precinct 26,#faa
San Juan County Precinct 27,#faa
San Juan County Precinct 28,#f66
San Juan County Precinct 29,#faa
San Juan County Precinct 30,#f66
San Juan County Precinct 31,#f66
San Juan County Precinct 32,#f66
San Juan County Precinct 33,#faa
San Juan County Precinct 34,#faa
San Juan County Precinct 35,#f66
San Juan County Precinct 36,#f66
San Juan County Precinct 37,#f66
San Juan County Precinct 38,#f66
San Juan County Precinct 39,#f66
San Juan County Precinct 40,#f66
San Juan County Precinct 41,#f66
San Juan County Precinct 42,#f66
San Juan County Precinct 43,#f66
San Juan County Precinct 44,#f66
San Juan County Precinct 45,#f66
San Juan County Precinct 46,#f66
San Juan County Precinct 47,#f66
San Juan County Precinct 48,#f66
San Juan County Precinct 49,#f66
San Juan County Precinct 50,#f66
San Juan County Precinct 51,#f66
San Juan County Precinct 52,#f66
San Juan County Precinct 53,#f66
San Juan County Precinct 54,#f66
San Juan County Precinct 55,#f66
San Juan County Precinct 56,#f66
San Juan County Precinct 57,#f66
San Juan County Precinct 58,#f66
San Juan County Precinct 59,#f66
San Juan County Precinct 60,#f66
San Juan County Precinct 61,#f66
San Juan County Precinct 62,#f66
San Juan County Precinct 63,#f66
San Juan County Precinct 64,#f66
San Juan County Precinct 65,#f66
San Juan County Precinct 66,#f66
San Juan County Precinct 67,#f66
San Juan County Precinct 68,#f66
San Juan County Precinct 69,#f66
San Juan County Precinct 70,#f66
San Juan County Precinct 71,#f66
San Juan County Precinct 72,#f66
San Juan County Precinct 73,#f66
San Juan County Precinct 74,#f66
San Juan County Precinct 75,#f66
San Juan County Precinct 76,#f66
San Juan County Precinct 77,#f66
Rio Arriba County Precinct 1,#66f
Rio Arriba County Precinct 2,#66f
Rio Arriba County Precinct 3,#66f
Rio Arriba County Precinct 4,#66f
Rio Arriba County Precinct 5,#66f
Rio Arriba County Precinct 6,#66f
Rio Arriba County Precinct 7,#66f
Rio Arriba County Precinct 8,#66f
Rio Arriba County Precinct 9,#66f
Rio Arriba County Precinct 10,#66f
Rio Arriba County Precinct 11,#aaf
Rio Arriba County Precinct 12,#66f
Rio Arriba County Precinct 13,#66f
Rio Arriba County Precinct 14,#66f
Rio Arriba County Precinct 15,#66f
Rio Arriba County Precinct 16,#66f
Rio Arriba County Precinct 17,#66f
Rio Arriba County Precinct 18,#aaf
Rio Arriba County Precinct 19,#aaf
Rio Arriba County Precinct 20,#aaf
Rio Arriba County Precinct 21,#66f
Rio Arriba County Precinct 22,#66f
Rio Arriba County Precinct 23,#66f
Rio Arriba County Precinct 24,#66f
Rio Arriba County Precinct 25,#f66
Rio Arriba County Precinct 26,#aaf
Rio Arriba County Precinct 27,#aaf
Rio Arriba County Precinct 28,#66f
Rio Arriba County Precinct 29,#f66
Rio Arriba County Precinct 30,#faa
Rio Arriba County Precinct 31,#66f
Rio Arriba County Precinct 32,#66f
Rio Arriba County Precinct 33,#66f
Rio Arriba County Precinct 34,#66f
Rio Arriba County Precinct 35,#66f
Rio Arriba County Precinct 36,#66f
Rio Arriba County Precinct 37,#66f
Rio Arriba County Precinct 38,#66f
Rio Arriba County Precinct 39,#66f
Rio Arriba County Precinct 40,#66f
Rio Arriba County Precinct 41,#66f
Rio Arriba County Precinct 42,#66f
Union County Precinct 1,#f66
Union County Precinct 4,#f66
Union County Precinct 6,#f66
Union County Precinct 7,#f66
Union County Precinct 8,#f66
Union County Precinct 9,#f66
Luna County Precinct 1,#aaf
Luna County Precinct 2,#faa
Luna County Precinct 3,#faa
Luna County Precinct 4,#66f
Luna County Precinct 5,#faa
Luna County Precinct 6,#aaf
Luna County Precinct 8,#66f
Luna County Precinct 10,#faa
Luna County Precinct 11,#aaf
Luna County Precinct 12,#aaf
Luna County Precinct 13,#f66
Luna County Precinct 14,#faa
Taos County Precinct 1,#66f
Taos County Precinct 2,#66f
Taos County Precinct 3,#66f
Taos County Precinct 4,#66f
Taos County Precinct 5,#66f
Taos County Precinct 6,#66f
Taos County Precinct 7,#f66
Taos County Precinct 8,#66f
Taos County Precinct 9,#66f
Taos County Precinct 10,#66f
Taos County Precinct 11,#66f
Taos County Precinct 12,#66f
Taos County Precinct 13,#66f
Taos County Precinct 14,#66f
Taos County Precinct 15,#66f
Taos County Precinct 16,#66f
Taos County Precinct 17,#66f
Taos County Precinct 18,#66f
Taos County Precinct 19,#66f
Taos County Precinct 20,#66f
Taos County Precinct 21,#66f
Taos County Precinct 22,#66f
Taos County Precinct 23,#66f
Taos County Precinct 24,#66f
Taos County Precinct 25,#66f
Taos County Precinct 26,#aaf
Taos County Precinct 27,#66f
Taos County Precinct 28,#66f
Taos County Precinct 29,#66f
Taos County Precinct 30,#66f
Taos County Precinct 31,#aaf
Taos County Precinct 32,#66f
Taos County Precinct 33,#66f
Taos County Precinct 34,#66f
Taos County Precinct 35,#66f
Taos County Precinct 36,#66f
Sierra County Precinct 1,#faa
Sierra County Precinct 2,#f66
Sierra County Precinct 3,#f66
Sierra County Precinct 4,#f66
Sierra County Precinct 5,#f66
Sierra County Precinct 6,#66f
Sierra County Precinct 7,#faa
Sierra County Precinct 8,#faa
Sierra County Precinct 9,#faa
Torrance County Precinct 1,#faa
Torrance County Precinct 2,#f66
Torrance County Precinct 3,#faa
Torrance County Precinct 4,#faa
Torrance County Precinct 5,#f66
Torrance County Precinct 6,#f66
Torrance County Precinct 7,#f66
Torrance County Precinct 8,#faa
Torrance County Precinct 9,#faa
Torrance County Precinct 10,#faa
Torrance County Precinct 11,#faa
Torrance County Precinct 12,#f66
Torrance County Precinct 13,#f66
Torrance County Precinct 14,#f66
Torrance County Precinct 15,#f66
Torrance County Precinct 16,#faa
Hidalgo County Precinct 1,#aaf
Hidalgo County Precinct 2,#66f
Hidalgo County Precinct 3,#aaf
Hidalgo County Precinct 4,#f66
Hidalgo County Precinct 5,#faa
Hidalgo County Precinct 6,#f66
Guadalupe County Precinct 1,#aaf
Guadalupe County Precinct 2,#aaf
Guadalupe County Precinct 3,#aaf
Guadalupe County Precinct 4,#aaf
Guadalupe County Precinct 5,#66f
Socorro County Precinct 1,#66f
Socorro County Precinct 2,#66f
Socorro County Precinct 3,#aaf
Socorro County Precinct 4,#aaf
Socorro County Precinct 5,#aaf
Socorro County Precinct 6,#aaf
Socorro County Precinct 7,#66f
Socorro County Precinct 8,#aaf
Socorro County Precinct 9,#f66
Socorro County Precinct 10,#66f
Socorro County Precinct 11,#faa
Socorro County Precinct 12,#f66
Socorro County Precinct 13,#faa
Socorro County Precinct 14,#faa
Socorro County Precinct 15,#66f
Socorro County Precinct 16,#f66
Socorro County Precinct 17,#aaf
Socorro County Precinct 18,#aaf
Socorro County Precinct 19,#faa
Socorro County Precinct 20,#aaf
Socorro County Precinct 21,#aaf
Socorro County Precinct 22,#f66
Socorro County Precinct 23,#aaf
Socorro County Precinct 24,#faa
Socorro County Precinct 25,#aaf
Socorro County Precinct 26,#f66
Socorro County Precinct 27,#faa
Lincoln County Precinct 1,#f66
Lincoln County Precinct 2,#faa
Lincoln County Precinct 3,#f66
Lincoln County Precinct 4,#f66
Lincoln County Precinct 5,#f66
Lincoln County Precinct 6,#f66
Lincoln County Precinct 7,#f66
Lincoln County Precinct 8,#f66
Lincoln County Precinct 9,#faa
Lincoln County Precinct 10,#faa
Lincoln County Precinct 11,#faa
Lincoln County Precinct 12,#f66
Lincoln County Precinct 13,#faa
Lincoln County Precinct 14,#f66
Lincoln County Precinct 15,#f66
Lincoln County Precinct 16,#faa
Lincoln County Precinct 17,#f66
Lincoln County Precinct 18,#faa
Lincoln County Precinct 19,#f66
Lincoln County Precinct 20,#f66
Lincoln County Precinct 21,#f66
Lincoln County Precinct 22,#faa
De Baca County Precinct 1,#f66
De Baca County Precinct 2,#f66
De Baca County Precinct 3,#f66
De Baca County Precinct 4,#aaf
Catron County Precinct 1,#f66
Catron County Precinct 2,#f66
Catron County Precinct 3,#f66
Catron County Precinct 4,#f66
Catron County Precinct 5,#f66
Catron County Precinct 6,#f66
Sandoval County Precinct 1,#aaf
Sandoval County Precinct 2,#66f
Sandoval County Precinct 3,#66f
Sandoval County Precinct 4,#aaf
Sandoval County Precinct 5,#aaf
Sandoval County Precinct 6,#aaf
Sandoval County Precinct 7,#66f
Sandoval County Precinct 8,#66f
Sandoval County Precinct 9,#66f
Sandoval County Precinct 10,#66f
Sandoval County Precinct 11,#aaf
Sandoval County Precinct 12,#aaf
Sandoval County Precinct 13,#aaf
Sandoval County Precinct 14,#66f
Sandoval County Precinct 15,#66f
Sandoval County Precinct 16,#aaf
Sandoval County Precinct 17,#aaf
Sandoval County Precinct 18,#aaf
Sandoval County Precinct 19,#66f
Sandoval County Precinct 20,#66f
Sandoval County Precinct 21,#faa
Sandoval County Precinct 22,#aaf
Sandoval County Precinct 23,#faa
Sandoval County Precinct 24,#66f
Sandoval County Precinct 25,#66f
Sandoval County Precinct 26,#66f
Sandoval County Precinct 27,#aaf
Sandoval County Precinct 28,#faa
Sandoval County Precinct 29,#66f
Sandoval County Precinct 30,#faa
Sandoval County Precinct 31,#faa
Sandoval County Precinct 32,#faa
Sandoval County Precinct 33,#faa
Sandoval County Precinct 34,#faa
Sandoval County Precinct 35,#faa
Sandoval County Precinct 36,#faa
Sandoval County Precinct 37,#faa
Sandoval County Precinct 38,#faa
Sandoval County Precinct 39,#faa
Sandoval County Precinct 40,#aaf
Sandoval County Precinct 41,#faa
Sandoval County Precinct 42,#faa
Sandoval County Precinct 43,#faa
Sandoval County Precinct 44,#faa
Sandoval County Precinct 45,#faa
Sandoval County Precinct 46,#aaf
Sandoval County Precinct 47,#faa
Sandoval County Precinct 48,#faa
Sandoval County Precinct 49,#faa
Sandoval County Precinct 50,#faa
Sandoval County Precinct 51,#f66
Sandoval County Precinct 52,#faa
Sandoval County Precinct 53,#aaf
Sandoval County Precinct 54,#aaf
Sandoval County Precinct 55,#aaf
Sandoval County Precinct 56,#aaf
Sandoval County Precinct 57,#faa
Sandoval County Precinct 58,#faa
Sandoval County Precinct 59,#faa
Sandoval County Precinct 60,#faa
Sandoval County Precinct 61,#faa
Sandoval County Precinct 62,#faa
Sandoval County Precinct 63,#faa
Sandoval County Precinct 64,#faa
Sandoval County Precinct 65,#aaf
Sandoval County Precinct 66,#faa
Sandoval County Precinct 67,#faa
Sandoval County Precinct 68,#faa
Sandoval County Precinct 69,#faa
Sandoval County Precinct 70,#faa
Sandoval County Precinct 71,#faa
Sandoval County Precinct 72,#faa
Sandoval County Precinct 73,#faa
Sandoval County Precinct 74,#faa
Sandoval County Precinct 75,#faa
Sandoval County Precinct 76,#aaf
Sandoval County Precinct 77,#66f
Sandoval County Precinct 78,#faa
Sandoval County Precinct 79,#aaf
Sandoval County Precinct 80,#faa
Sandoval County Precinct 81,#faa
Sandoval County Precinct 82,#faa
Sandoval County Precinct 83,#faa
Sandoval County Precinct 84,#faa
Sandoval County Precinct 85,#faa
Sandoval County Precinct 86,#faa
Mora County Precinct 1,#66f
Mora County Precinct 2,#66f
Mora County Precinct 3,#aaf
Mora County Precinct 4,#66f
Mora County Precinct 5,#aaf
Mora County Precinct 6,#aaf
Mora County Precinct 7,#66f
Mora County Precinct 8,#66f
Mora County Precinct 9,#aaf
Mora County Precinct 10,#aaf
Mora County Precinct 11,#66f
Harding County Precinct 1,#f66
Harding County Precinct 2,#faa
Los Alamos County Precinct 1,#aaf
Los Alamos County Precinct 2,#aaf
Los Alamos County Precinct 3,#faa
Los Alamos County Precinct 4,#aaf
Los Alamos County Precinct 5,#faa
Los Alamos County Precinct 6,#aaf
Los Alamos County Precinct 7,#aaf
Los Alamos County Precinct 8,#66f
Los Alamos County Precinct 9,#66f
Los Alamos County Precinct 10,#66f
Los Alamos County Precinct 11,#66f
Los Alamos County Precinct 12,#66f
Los Alamos County Precinct 13,#66f
Los Alamos County Precinct 14,#aaf
Los Alamos County Precinct 15,#aaf
Los Alamos County Precinct 16,#66f
Los Alamos County Precinct 17,#66f
Cibola County Precinct 1,#f66
Cibola County Precinct 2,#aaf
Cibola County Precinct 3,#faa
Cibola County Precinct 4,#f66
Cibola County Precinct 5,#66f
Cibola County Precinct 6,#faa
Cibola County Precinct 7,#faa
Cibola County Precinct 8,#aaf
Cibola County Precinct 9,#faa
Cibola County Precinct 10,#faa
Cibola County Precinct 11,#faa
Cibola County Precinct 12,#faa
Cibola County Precinct 13,#faa
Cibola County Precinct 14,#f66
Cibola County Precinct 15,#faa
Cibola County Precinct 16,#faa
Cibola County Precinct 17,#66f
Cibola County Precinct 18,#66f
Cibola County Precinct 19,#f66
Cibola County Precinct 20,#66f
Cibola County Precinct 21,#66f
Cibola County Precinct 22,#66f
Cibola County Precinct 23,#66f
Cibola County Precinct 24,#66f
Cibola County Precinct 25,#66f
